2025/5/26,12:5:40,21,20
2025/5/26,12:5:42,21,20
2025/5/26,12:5:47,21,20
2025/5/26,12:5:52,21,20
2025/5/26,12:5:57,21,20
2025/5/26,12:6:2,21,20
2025/5/26,12:6:7,21,20
2025/5/26,12:6:12,21,20
2025/5/26,12:6:18,21,20
2025/5/26,12:6:23,21,20
2025/5/26,12:6:28,21,20
2025/5/26,12:6:33,21,20
2025/5/26,12:6:38,21,20
2025/5/26,12:6:43,21,20
2025/5/26,12:6:48,21,20
2025/5/26,12:6:53,21,20
2025/5/26,12:6:58,21,20
2025/5/26,12:7:3,21,20
2025/5/26,12:7:8,21,20
2025/5/26,12:7:13,21,20
2025/5/26,12:7:18,21,20
2025/5/26,12:7:23,21,20
2025/5/26,12:7:28,21,20
2025/5/26,12:7:33,21,20
2025/5/26,12:7:38,21,20
2025/5/26,12:7:43,21,20
2025/5/26,12:7:48,21,20
2025/5/26,12:7:53,21,20
2025/5/26,12:7:59,21,20
2025/5/26,12:8:4,21,20
2025/5/26,12:8:9,21,20
2025/5/26,12:8:14,21,20
2025/5/26,12:8:19,21,20
2025/5/26,12:8:24,21,20
2025/5/26,12:8:29,21,20
2025/5/26,12:8:34,21,20
2025/5/26,12:8:39,21,20
2025/5/26,12:8:44,21,20
2025/5/26,12:8:49,21,20
2025/5/26,12:8:54,21,20
2025/5/26,12:8:59,21,20
2025/5/26,12:9:4,21,20
2025/5/26,12:9:9,21,20
2025/5/26,12:9:14,21,20
2025/5/26,12:9:19,21,20
2025/5/26,12:9:24,21,20
2025/5/26,12:9:29,21,20
2025/5/26,12:9:35,21,20
2025/5/26,12:9:40,21,20
2025/5/26,12:9:45,21,20
2025/5/26,12:9:50,21,20
2025/5/26,12:9:55,21,20
2025/5/26,12:10:0,21,20
2025/5/26,12:10:5,21,20
2025/5/26,12:10:10,21,20
2025/5/26,12:10:15,21,20
2025/5/26,12:10:20,21,20
2025/5/26,12:10:25,21,20
2025/5/26,12:10:30,21,20
2025/5/26,12:10:35,21,20
2025/5/26,12:10:40,21,20
2025/5/26,12:10:45,21,20
2025/5/26,12:10:50,21,20
2025/5/26,12:10:55,21,20
2025/5/26,12:11:0,21,20
2025/5/26,12:11:5,21,20
2025/5/26,12:11:11,21,20
2025/5/26,12:11:16,21,20
2025/5/26,12:11:21,21,20
2025/5/26,12:11:26,21,20
2025/5/26,12:11:31,21,20
2025/5/26,12:11:36,21,20
2025/5/26,12:11:41,21,20
2025/5/26,12:11:46,21,20
2025/5/26,12:11:51,21,20
2025/5/26,12:11:56,21,20
2025/5/26,12:12:1,21,20
2025/5/26,12:12:6,21,20
2025/5/26,12:12:11,21,20
2025/5/26,12:12:16,21,20
2025/5/26,12:12:21,21,20
2025/5/26,12:12:26,21,20
2025/5/26,12:12:31,21,20
2025/5/26,12:12:36,21,20
2025/5/26,12:12:41,21,20
2025/5/26,12:12:47,21,20
2025/5/26,12:12:52,21,20
2025/5/26,12:12:57,21,20
2025/5/26,12:13:2,21,20
2025/5/26,12:13:7,21,20
2025/5/26,12:13:12,21,20
2025/5/26,12:13:17,21,20
2025/5/26,12:13:22,21,20
2025/5/26,12:13:27,21,20
2025/5/26,12:13:32,21,20
2025/5/26,12:13:37,21,20
2025/5/26,12:13:42,21,20
2025/5/26,12:13:47,21,20
2025/5/26,12:13:52,21,20
2025/5/26,12:13:57,21,20
2025/5/26,12:14:2,21,20
2025/5/26,12:14:7,21,20
2025/5/26,12:14:12,21,20
2025/5/26,12:14:17,21,20
2025/5/26,12:14:22,21,20
2025/5/26,12:14:28,21,20
2025/5/26,12:14:33,21,20
2025/5/26,12:14:38,21,20
2025/5/26,12:14:43,21,20
2025/5/26,12:14:48,21,20
2025/5/26,12:14:53,21,20
2025/5/26,12:14:58,21,20
2025/5/26,12:15:3,21,20
2025/5/26,12:15:8,21,20
2025/5/26,12:15:13,21,20
2025/5/26,12:15:18,21,20
2025/5/26,12:15:23,21,20
2025/5/26,12:15:28,21,20
2025/5/26,12:15:33,21,20
2025/5/26,12:15:38,21,20
2025/5/26,12:15:43,21,20
2025/5/26,12:15:48,21,20
2025/5/26,12:15:53,21,20
2025/5/26,12:15:58,21,20
2025/5/26,12:16:4,21,20
2025/5/26,12:16:9,21,20
2025/5/26,12:16:14,21,20
2025/5/26,12:16:19,21,20
2025/5/26,12:16:24,21,20
2025/5/26,12:16:29,21,20
2025/5/26,12:16:34,21,20
2025/5/26,12:16:39,21,20
2025/5/26,12:16:44,21,20
2025/5/26,12:16:49,21,20
2025/5/26,12:16:54,21,20
2025/5/26,12:16:59,21,20
2025/5/26,12:17:4,21,20
2025/5/26,12:17:9,21,20
2025/5/26,12:17:14,21,20
2025/5/26,12:17:19,21,20
2025/5/26,12:17:24,21,20
2025/5/26,12:17:29,21,20
2025/5/26,12:17:34,21,20
2025/5/26,12:17:40,21,20
2025/5/26,12:17:45,21,20
2025/5/26,12:17:50,21,20
2025/5/26,12:17:55,21,20
2025/5/26,12:18:0,21,20
2025/5/26,12:18:5,21,20
2025/5/26,12:18:10,21,20
2025/5/26,12:18:15,21,20
2025/5/26,12:18:20,21,20
2025/5/26,12:18:25,21,20
2025/5/26,12:18:30,21,20
2025/5/26,12:18:35,21,20
2025/5/26,12:18:40,21,20
2025/5/26,12:18:45,21,20
2025/5/26,12:18:50,21,20
2025/5/26,12:18:55,21,20
2025/5/26,12:19:0,21,20
2025/5/26,12:19:5,21,20
2025/5/26,12:19:10,21,20
2025/5/26,12:19:16,21,20
2025/5/26,12:19:21,21,20
2025/5/26,12:19:26,21,20
2025/5/26,12:19:31,21,20
2025/5/26,12:19:36,21,20
2025/5/26,12:19:41,21,20
2025/5/26,12:19:46,21,20
2025/5/26,12:19:51,21,20
2025/5/26,12:19:56,21,20
2025/5/26,12:20:1,21,20
2025/5/26,12:20:6,21,20
2025/5/26,12:20:11,21,20
2025/5/26,12:20:16,21,20
2025/5/26,12:20:21,21,20
2025/5/26,12:20:26,21,20
2025/5/26,12:20:31,21,20
2025/5/26,12:20:36,21,20
2025/5/26,12:20:41,21,20
2025/5/26,12:20:46,21,20
2025/5/26,12:20:51,21,20
2025/5/26,12:20:57,21,20
2025/5/26,12:21:2,21,20
2025/5/26,12:21:7,21,20
2025/5/26,12:21:12,21,20
2025/5/26,12:21:17,21,20
2025/5/26,12:21:22,21,20
2025/5/26,12:21:27,21,20
2025/5/26,12:21:32,21,20
2025/5/26,12:21:37,21,20
2025/5/26,12:21:42,21,20
2025/5/26,12:21:47,21,20
2025/5/26,12:21:52,21,20
2025/5/26,12:21:57,21,20
2025/5/26,12:22:2,21,20
2025/5/26,12:22:7,21,20
2025/5/26,12:22:12,21,20
2025/5/26,12:22:17,21,20
2025/5/26,12:22:22,21,20
2025/5/26,12:22:27,21,20
2025/5/26,12:22:33,21,20
2025/5/26,12:22:38,21,20
2025/5/26,12:22:43,21,20
2025/5/26,12:22:48,21,20
2025/5/26,12:22:53,21,20
2025/5/26,12:22:58,21,20
2025/5/26,12:23:3,21,20
2025/5/26,12:23:8,21,20
2025/5/26,12:23:13,21,20
2025/5/26,12:23:18,21,20
2025/5/26,12:23:23,21,20
2025/5/26,12:23:28,21,20
2025/5/26,12:23:33,21,20
2025/5/26,12:23:38,21,20
2025/5/26,12:23:43,21,20
2025/5/26,12:23:48,21,20
2025/5/26,12:23:53,21,20
2025/5/26,12:23:58,21,20
2025/5/26,12:24:3,21,20
2025/5/26,12:24:9,21,20
2025/5/26,12:24:14,21,20
2025/5/26,12:24:19,21,20
2025/5/26,12:24:24,21,20
2025/5/26,12:24:29,21,20
2025/5/26,12:24:34,21,20
2025/5/26,12:24:39,21,20
2025/5/26,12:24:44,21,20
2025/5/26,12:24:49,21,20
2025/5/26,12:24:54,21,20
2025/5/26,12:24:59,21,20
2025/5/26,12:25:4,21,20
2025/5/26,12:25:9,21,20
2025/5/26,12:25:14,21,20
2025/5/26,12:25:19,21,20
2025/5/26,12:25:24,21,20
2025/5/26,12:25:29,21,20
2025/5/26,12:25:34,21,20
2025/5/26,12:25:39,21,20
2025/5/26,12:25:45,21,20
2025/5/26,12:25:50,21,20
2025/5/26,12:25:55,21,20
2025/5/26,12:26:0,21,20
2025/5/26,12:26:5,21,20
2025/5/26,12:26:10,21,20
2025/5/26,12:26:15,21,20
2025/5/26,12:26:20,21,20
2025/5/26,12:26:25,21,20
2025/5/26,12:26:30,21,20
2025/5/26,12:26:35,21,20
2025/5/26,12:26:40,21,20
2025/5/26,12:26:45,21,20
2025/5/26,12:26:50,21,20
2025/5/26,12:26:55,21,20
2025/5/26,12:27:0,21,20
2025/5/26,12:27:5,21,20
2025/5/26,12:27:10,21,20
2025/5/26,12:27:15,21,20
2025/5/26,12:27:20,21,20
2025/5/26,12:27:26,21,20
2025/5/26,12:27:31,21,20
2025/5/26,12:27:36,21,20
2025/5/26,12:27:41,21,20
2025/5/26,12:27:46,21,20
2025/5/26,12:27:51,21,20
2025/5/26,12:27:56,21,20
2025/5/26,12:28:1,21,20
2025/5/26,12:28:6,21,20
2025/5/26,12:28:11,21,20
2025/5/26,12:28:16,21,20
2025/5/26,12:28:21,21,20
2025/5/26,12:28:26,21,20
2025/5/26,12:28:31,21,20
2025/5/26,12:28:36,21,20
2025/5/26,12:28:41,21,20
2025/5/26,12:28:46,21,20
2025/5/26,12:28:51,21,20
2025/5/26,12:28:56,21,20
2025/5/26,12:29:2,21,20
2025/5/26,12:29:7,21,20
2025/5/26,12:29:12,21,20
2025/5/26,12:29:17,21,20
2025/5/26,12:29:22,21,20
2025/5/26,12:29:27,21,20
2025/5/26,12:29:32,21,20
2025/5/26,12:29:37,21,20
2025/5/26,12:29:42,21,20
2025/5/26,12:29:47,21,20
2025/5/26,12:29:52,21,20
2025/5/26,12:29:57,21,20
2025/5/26,12:30:2,21,20
2025/5/26,12:30:7,21,20
2025/5/26,12:30:12,21,20
2025/5/26,12:30:17,21,20
2025/5/26,12:30:22,21,20
2025/5/26,12:30:27,21,20
2025/5/26,12:30:32,21,20
2025/5/26,12:30:38,21,20
2025/5/26,12:30:43,21,20
2025/5/26,12:30:48,21,20
2025/5/26,12:30:53,21,20
2025/5/26,12:30:58,21,20
2025/5/26,12:31:3,21,20
2025/5/26,12:31:8,21,20
2025/5/26,12:31:13,21,20
2025/5/26,12:31:18,21,20
2025/5/26,12:31:23,21,20
2025/5/26,12:31:28,21,20
2025/5/26,12:31:33,21,20
2025/5/26,12:31:38,21,20
