2025/5/27,8:12:42,25,39
2025/5/27,8:12:48,25,45
2025/5/27,8:12:54,25,46
2025/5/27,8:13:24,25,47
2025/5/27,8:13:30,25,47
2025/5/27,8:13:36,25,47
2025/5/27,8:13:42,25,47
2025/5/27,8:13:48,25,47
2025/5/27,8:13:54,25,47
2025/5/27,8:14:1,25,47
2025/5/27,8:14:7,25,47
2025/5/27,8:14:13,25,47
8:14:19,25,47
2025/5/27,8:14:25,25,47
2025/5/27,8:14:31,25,47
2025/5/27,8:14:37,25,47
2025/5/27,8:14:43,25,47
2025/5/27,8:14:49,25,47
2025/5/27,8:14:55,25,47
2025/5/27,8:15:1,25,47
2025/5/27,8:15:7,25,47
2025/5/27,8:15:13,25,47
2025/5/27,8:15:19,25,47
8:15:25,25,47
5/27,8:15:31,25,47
2025/5/27,8:15:37,25,47
2025/5/27,8:15:43,25,47
2025/5/27,8:15:49,25,47
2025/5/27,8:15:55,25,47
2025/5/27,8:16:1,25,47
2025/5/27,8:16:7,25,47
2025/5/27,8:16:14,25,47
2025/5/27,8:16:20,25,47
2025/5/27,8:16:26,25,47
2025/5/27,8:16:32,25,47
8:16:38,25,47
2025/5/27,8:16:44,25,47
2025/5/27,8:16:50,25,47
2025/5/27,8:16:56,25,47
2025/5/27,8:17:2,25,47
2025/5/27,8:17:8,25,47
2025/5/27,8:17:14,25,47
2025/5/27,8:17:20,25,47
2025/5/27,8:17:26,25,47
2025/5/27,8:17:32,25,47
2025/5/27,8:17:38,25,47
2025/5/27,8:17:44,25,47
2025/5/27,8:17:50,25,47
2025/5/27,8:17:56,25,47
18:2,25,47
:18:8,25,47
2025/5/27,8:18:14,25,47
2025/5/27,8:18:20,25,47
2025/5/27,8:18:27,25,47
2025/5/27,8:18:33,24,48
2025/5/27,8:18:39,25,47
2025/5/27,8:18:45,25,47
2025/5/27,8:18:51,24,48
2025/5/27,8:18:57,24,48
2025/5/27,8:19:3,25,47
2025/5/27,8:19:9,25,47
2025/5/27,8:19:15,25,47
2025/5/27,8:19:21,24,48
2025/5/27,8:19:27,25,47
2025/5/27,8:19:33,24,48
2025/5/27,8:19:39,24,48
2025/5/27,8:19:45,24,48
2025/5/27,8:19:51,25,47
:19:57,25,47
2025/5/27,8:20:3,24,48
2025/5/27,8:20:9,24,48
2025/5/27,8:20:15,24,48
2025/5/27,8:20:21,24,48
2025/5/27,8:20:27,24,48
2025/5/27,8:20:33,24,48
20:40,24,48
2025/5/27,8:20:46,24,48
:20:52,24,48
2025/5/27,8:20:58,24,48
2025/5/27,8:21:4,24,48
2025/5/27,8:21:10,24,48
2025/5/27,8:21:16,24,48
2025/5/27,8:21:22,24,48
2025/5/27,8:21:28,24,48
2025/5/27,8:21:34,24,48
2025/5/27,8:21:40,24,48
2025/5/27,8:21:46,24,48
2025/5/27,8:21:52,24,48
21:58,24,48
2025/5/27,8:22:4,24,48
2025/5/27,8:22:10,24,48
2025/5/27,8:22:16,24,48
2025/5/27,8:22:22,24,48
2025/5/27,8:22:28,24,48
:22:34,24,48
2025/5/27,8:22:40,24,48
2025/5/27,8:22:46,24,48
2025/5/27,8:22:53,24,48
2025/5/27,8:22:59,24,48
2025/5/27,8:23:5,24,48
2025/5/27,8:23:11,24,48
2025/5/27,8:23:19,24,48
2025/5/27,8:23:25,24,48
2025/5/27,8:23:31,24,48
2025/5/27,8:23:37,24,48
2025/5/27,8:23:43,24,48
2025/5/27,8:23:49,24,48
2025/5/27,8:23:55,24,48
2025/5/27,8:24:1,24,48
2025/5/27,8:24:7,24,48
2025/5/27,8:24:13,24,48
2025/5/27,8:24:19,24,48
2025/5/27,8:24:25,24,48
2025/5/27,8:24:31,24,48
2025/5/27,8:24:37,24,48
2025/5/27,8:24:43,24,48
2025/5/27,8:24:49,24,47
24:55,24,47
2025/5/27,8:25:2,24,47
2025/5/27,8:25:8,24,47
2025/5/27,8:25:14,24,47
2025/5/27,8:25:20,24,47
2025/5/27,8:25:26,24,47
2025/5/27,8:25:32,24,47
2025/5/27,8:25:38,24,47
2025/5/27,8:25:44,24,48
2025/5/27,8:25:50,24,48
8:25:56,24,47
2025/5/27,8:26:2,24,47
2025/5/27,8:26:8,24,47
2025/5/27,8:26:14,24,47
2025/5/27,8:26:20,24,47
2025/5/27,8:26:26,24,47
2025/5/27,8:26:32,24,47
2025/5/27,8:26:38,25,46
2025/5/27,8:26:44,24,47
2025/5/27,8:26:50,25,46
:26:56,24,47
2025/5/27,8:27:2,24,47
2025/5/27,8:27:8,24,47
2025/5/27,8:27:15,25,46
2025/5/27,8:27:21,25,46
27:27,25,46
2025/5/27,8:27:33,24,47
2025/5/27,8:27:39,25,46
2025/5/27,8:27:45,24,47
2025/5/27,8:27:51,25,46
2025/5/27,8:27:57,24,47
28:3,24,47
2025/5/27,8:28:9,24,47
2025/5/27,8:28:15,24,47
2025/5/27,8:28:21,24,47
2025/5/27,8:28:27,24,47
2025/5/27,8:28:33,24,47
2025/5/27,8:28:39,25,46
2025/5/27,8:28:45,25,46
2025/5/27,8:28:51,24,47
2025/5/27,8:28:57,24,47
2025/5/27,8:29:3,24,47
2025/5/27,8:29:9,24,47
2025/5/27,8:29:15,24,47
2025/5/27,8:29:21,24,47
2025/5/27,8:29:28,24,47
2025/5/27,8:29:34,24,47
2025/5/27,8:29:40,24,47
2025/5/27,8:29:46,24,47
2025/5/27,8:29:52,24,47
2025/5/27,8:29:58,24,47
2025/5/27,8:30:4,24,47
2025/5/27,8:30:10,25,46
2025/5/27,8:30:16,24,47
2025/5/27,8:30:22,24,47
2025/5/27,8:30:28,24,47
2025/5/27,8:30:34,24,47
2025/5/27,8:30:40,24,47
2025/5/27,8:30:46,24,47
2025/5/27,8:30:52,24,47
2025/5/27,8:30:58,24,47
2025/5/27,8:31:4,24,47
2025/5/27,8:31:10,24,47
2025/5/27,8:31:16,24,47
2025/5/27,8:31:22,24,47
2025/5/27,8:31:28,24,47
2025/5/27,8:31:34,24,47
2025/5/27,8:31:41,24,47
2025/5/27,8:31:47,24,47
2025/5/27,8:31:53,24,47
2025/5/27,8:31:59,24,47
2025/5/27,8:32:5,24,47
2025/5/27,8:32:11,24,47
2025/5/27,8:32:17,24,47
2025/5/27,8:32:23,24,47
2025/5/27,8:32:29,24,47
2025/5/27,8:32:35,24,47
2025/5/27,8:32:41,24,47
2025/5/27,8:32:47,24,47
2025/5/27,8:32:53,24,47
2025/5/27,8:32:59,24,47
2025/5/27,8:33:5,24,47
:33:11,24,47
2025/5/27,8:33:17,24,47
2025/5/27,8:33:23,24,47
2025/5/27,8:33:30,24,47
2025/5/27,8:33:36,24,47
2025/5/27,8:33:42,24,47
2025/5/27,8:33:48,24,47
2025/5/27,8:33:54,24,47
2025/5/27,8:34:0,24,47
2025/5/27,8:34:6,24,47
2025/5/27,8:34:12,24,47
2025/5/27,8:34:18,24,47
2025/5/27,8:34:24,24,47
2025/5/27,8:34:30,24,47
2025/5/27,8:34:36,24,47
2025/5/27,8:34:42,24,47
2025/5/27,8:34:48,24,47
2025/5/27,8:34:54,24,47
8:35:0,24,47
2025/5/27,8:35:6,24,47
2025/5/27,8:35:12,25,46
2025/5/27,8:35:18,24,47
2025/5/27,8:35:24,24,47
2025/5/27,8:35:30,25,46
2025/5/27,8:35:36,25,46
2025/5/27,8:35:43,25,46
2025/5/27,8:35:49,25,46
2025/5/27,8:35:55,25,46
2025/5/27,8:36:1,25,46
2025/5/27,8:36:7,25,46
2025/5/27,8:36:13,25,46
2025/5/27,8:36:19,25,46
2025/5/27,8:36:25,25,46
2025/5/27,8:36:31,25,46
2025/5/27,8:36:37,25,46
2025/5/27,8:36:43,25,46
:36:49,25,46
36:55,25,46
2025/5/27,8:37:1,25,46
2025/5/27,8:37:7,25,46
2025/5/27,8:37:13,25,46
37:19,25,46
2025/5/27,8:37:25,25,46
2025/5/27,8:37:31,25,46
2025/5/27,8:37:37,25,46
2025/5/27,8:37:43,25,46
:37:49,25,46
2025/5/27,8:37:56,25,46
2025/5/27,8:38:2,25,46
2025/5/27,8:38:8,25,46
38:14,25,46
38:20,25,46
2025/5/27,8:38:26,25,46
38:32,25,46
38:38,25,46
2025/5/27,8:38:44,25,46
2025/5/27,8:38:50,25,46
2025/5/27,8:38:56,25,46
2025/5/27,8:39:2,25,46
2025/5/27,8:39:8,25,46
2025/5/27,8:39:14,25,46
2025/5/27,8:39:20,25,46
2025/5/27,8:39:26,25,46
2025/5/27,8:39:32,25,46
2025/5/27,8:39:38,25,46
2025/5/27,8:39:44,25,46
2025/5/27,8:39:50,25,46
2025/5/27,8:39:56,25,46
2025/5/27,8:40:2,25,46
2025/5/27,8:40:9,25,46
2025/5/27,8:40:15,25,46
2025/5/27,8:40:21,25,46
2025/5/27,8:40:27,25,46
2025/5/27,8:40:33,25,46
2025/5/27,8:40:39,25,46
2025/5/27,8:40:45,25,46
2025/5/27,8:40:51,25,46
2025/5/27,8:40:57,25,46
2025/5/27,8:41:3,25,46
2025/5/27,8:41:9,25,46
2025/5/27,8:41:15,25,46
2025/5/27,8:41:21,25,46
2025/5/27,8:41:27,25,46
2025/5/27,8:41:33,24,46
2025/5/27,8:41:39,24,46
2025/5/27,8:41:45,25,45
2025/5/27,8:41:51,24,46
2025/5/27,8:41:57,24,46
2025/5/27,8:42:3,25,45
2025/5/27,8:42:9,25,45
2025/5/27,8:42:15,24,46
2025/5/27,8:42:22,24,46
2025/5/27,8:42:28,24,46
42:34,24,46
42:40,24,46
2025/5/27,8:42:46,25,45
2025/5/27,8:42:52,25,45
2025/5/27,8:42:58,25,45
2025/5/27,8:43:4,24,46
2025/5/27,8:43:10,25,45
2025/5/27,8:43:16,24,46
2025/5/27,8:43:22,24,46
8:43:28,24,46
2025/5/27,8:43:34,24,46
2025/5/27,8:43:40,24,46
2025/5/27,8:43:46,24,46
2025/5/27,8:43:52,24,46
2025/5/27,8:43:58,24,46
2025/5/27,8:44:4,24,46
2025/5/27,8:44:10,24,46
2025/5/27,8:44:16,24,46
2025/5/27,8:44:22,24,46
2025/5/27,8:44:28,24,46
2025/5/27,8:44:34,24,46
2025/5/27,8:44:41,24,46
2025/5/27,8:44:47,24,46
2025/5/27,8:44:53,24,46
2025/5/27,8:44:59,24,46
2025/5/27,8:45:5,24,46
2025/5/27,8:45:11,24,46
2025/5/27,8:45:17,24,46
2025/5/27,8:45:23,24,46
2025/5/27,8:45:49,25,45
2025/5/27,8:46:49,25,45
5/27,8:47:49,25,45
2025/5/27,8:48:49,25,45
2025/5/27,8:49:49,25,45
50:50,25,45
:51:50,25,45
2025/5/27,8:52:50,25,44
:53:50,25,44
54:50,25,45
55:50,25,45
2025/5/27,8:56:50,25,45
2025/5/27,8:57:50,25,45
:58:50,25,45
:59:50,25,45
2025/5/27,9:0:50,25,45
2025/5/27,9:1:50,25,45
2025/5/27,9:2:50,25,45
2025/5/27,9:3:50,25,45
2025/5/27,9:4:50,25,45
2025/5/27,9:5:50,25,45
2025/5/27,9:6:50,25,44
2025/5/27,9:7:50,25,44
2025/5/27,9:8:50,25,44
2025/5/27,9:11:52,25,44
2025/5/27,9:12:52,25,44
2025/5/27,9:13:52,25,44
9:14:52,25,43
2025/5/27,9:15:52,25,43
2025/5/27,9:16:52,25,43
2025/5/27,9:17:52,25,43
:18:52,25,43
:19:52,25,42
2025/5/27,9:20:52,25,42
2025/5/27,9:21:53,25,42
:22:53,25,42
2025/5/27,9:23:53,25,42
2025/5/27,9:24:53,25,42
2025/5/27,9:25:53,25,42
2025/5/27,9:26:53,25,42
2025/5/27,9:27:53,25,42
2025/5/27,9:28:53,25,42
2025/5/27,9:29:53,25,42
2025/5/27,9:30:53,25,42
2025/5/27,9:31:53,25,43
2025/5/27,9:32:53,25,43
2025/5/27,9:33:53,25,43
2025/5/27,9:34:53,25,43
2025/5/27,9:35:53,25,42
2025/5/27,9:36:53,25,42
2025/5/27,9:37:53,25,42
2025/5/27,9:38:53,25,42
2025/5/27,9:39:53,25,42
2025/5/27,9:40:53,25,42
2025/5/27,9:41:53,25,42
2025/5/27,9:42:53,25,43
2025/5/27,9:43:54,25,43
2025/5/27,9:44:54,25,43
45:54,25,43
2025/5/27,9:46:54,25,43
2025/5/27,9:47:54,25,43
2025/5/27,9:48:54,25,43
:49:54,25,43
50:54,25,43
2025/5/27,9:51:54,25,43
9:52:54,25,43
53:54,25,43
2025/5/27,9:54:54,25,43
55:54,25,43
2025/5/27,9:56:54,25,43
2025/5/27,9:57:54,25,43
58:54,25,43
2025/5/27,9:59:54,25,43
0:54,25,43
2025/5/27,10:1:54,25,42
:2:54,25,42
2025/5/27,10:3:54,25,42
2025/5/27,10:4:54,25,42
2025/5/27,10:5:55,25,42
2025/5/27,10:6:55,25,42
2025/5/27,10:7:55,25,42
:8:55,25,42
2025/5/27,10:9:55,25,42
2025/5/27,10:10:55,25,42
11:55,25,42
2025/5/27,10:12:55,25,42
2025/5/27,10:13:55,25,42
2025/5/27,10:14:55,25,41
15:55,25,41
2025/5/27,10:16:55,25,41
10:17:55,25,41
2025/5/27,10:18:55,25,41
:19:55,25,41
20:55,25,41
:21:55,25,41
10:22:55,25,41
23:55,25,41
24:55,25,41
25:55,25,41
2025/5/27,10:26:55,25,41
10:27:56,25,41
28:56,25,41
2025/5/27,10:29:56,25,41
2025/5/27,10:30:56,25,41
2025/5/27,10:31:56,25,41
2025/5/27,10:32:56,25,41
2025/5/27,10:33:56,25,41
2025/5/27,10:34:56,25,41
35:56,25,41
2025/5/27,10:36:56,25,41
:37:56,25,41
38:56,25,41
2025/5/27,10:39:56,25,41
2025/5/27,10:40:56,25,41
10:41:56,25,41
2025/5/27,10:42:56,25,41
2025/5/27,10:43:56,25,41
2025/5/27,10:44:58,25,41
2025/5/27,10:45:58,25,40
2025/5/27,10:46:58,25,40
2025/5/27,10:47:59,25,40
2025/5/27,10:48:59,25,40
2025/5/27,10:49:59,25,40
2025/5/27,10:50:59,25,40
2025/5/27,10:51:59,25,40
2025/5/27,10:52:59,25,40
53:59,25,40
2025/5/27,10:54:59,25,40
2025/5/27,10:57:59,25,40
2025/5/27,10:58:59,25,40
2025/5/27,10:59:59,25,40
2025/5/27,11:0:59,25,40
1:59,25,40
2025/5/27,11:2:59,25,40
3:59,25,40
2025/5/27,11:4:59,25,40
2025/5/27,11:5:59,25,40
2025/5/27,11:7:2,25,40
:8:2,25,39
:9:2,25,40
2025/5/27,11:10:2,26,40
2025/5/27,11:11:4,26,40
12:4,26,39
2025/5/27,11:13:4,26,40
2025/5/27,11:14:4,26,40
2025/5/27,11:15:4,25,40
2025/5/27,11:16:4,26,40
11:17:4,26,40
2025/5/27,11:18:4,26,40
2025/5/27,11:19:4,26,40
2025/5/27,11:20:4,26,40
21:4,25,40
2025/5/27,11:22:4,25,40
23:4,25,40
2025/5/27,11:24:4,25,40
2025/5/27,11:25:4,25,40
2025/5/27,11:26:4,25,40
2025/5/27,11:27:4,25,40
28:5,25,40
2025/5/27,11:29:5,25,40
11:30:5,25,40
2025/5/27,11:31:5,25,40
2025/5/27,11:32:5,25,41
2025/5/27,11:33:5,25,41
11:34:5,25,41
2025/5/27,11:35:5,26,41
2025/5/27,11:36:5,26,40
2025/5/27,11:37:5,26,40
2025/5/27,11:38:5,26,40
2025/5/27,11:39:5,26,40
2025/5/27,11:40:5,26,40
2025/5/27,11:41:5,26,40
2025/5/27,11:42:5,26,40
:43:5,26,40
2025/5/27,11:44:5,26,40
2025/5/27,11:45:5,26,40
2025/5/27,11:46:5,26,40
:47:5,26,40
:48:5,26,40
2025/5/27,11:49:6,26,40
2025/5/27,11:50:6,26,40
