Time,Temp1,Temp2,FlowRate,Heater,Cooler,Setpoint,PumpSpeed
2025-07-19 11:36:04.635758,49.88,49.81,6.22,0.02,0.0,50.0,255.0
2025-07-19 11:36:04.838528,49.88,49.81,4.74,0.01,0.0,50.0,27.0
2025-07-19 11:36:04.940221,49.88,49.81,6.22,0.02,0.0,50.0,255.0
2025-07-19 11:36:11.522248,49.69,49.88,3.7,0.0,100.0,36.0,255.0
2025-07-19 11:36:13.139914,49.63,49.94,12.78,0.0,83.51,36.0,255.0
2025-07-19 11:36:14.757991,49.56,49.94,10.57,0.0,83.27,36.0,201.0
2025-07-19 11:36:16.375743,49.56,50.06,11.52,0.0,85.47,36.0,255.0
2025-07-19 11:36:17.993617,49.5,50.19,7.7,0.0,85.6,36.0,0.0
2025-07-19 11:36:19.603462,49.5,50.19,3.35,0.0,85.55,36.0,0.0
2025-07-19 11:36:21.220974,49.5,50.13,5.17,0.0,85.3,36.0,254.0
2025-07-19 11:36:22.834880,49.5,50.06,5.96,0.0,31.26,45.0,217.0
2025-07-19 11:36:24.448216,49.5,50.06,3.0,0.0,22.31,45.0,0.0
2025-07-19 11:36:26.065972,49.5,50.0,8.91,0.0,21.81,45.0,255.0
2025-07-19 11:36:27.680348,49.56,49.94,5.83,0.0,22.38,45.0,0.0
2025-07-19 11:36:29.298136,49.63,49.94,10.04,0.0,22.91,45.0,255.0
2025-07-19 11:36:30.915897,49.63,49.88,9.52,0.0,22.25,45.0,255.0
2025-07-19 11:36:32.529675,49.69,49.88,12.43,0.0,23.1,45.0,255.0
2025-07-19 11:36:34.147629,49.69,49.81,9.04,0.0,22.44,45.0,76.0
2025-07-19 11:36:35.761032,49.69,49.81,3.04,0.0,22.85,45.0,0.0
2025-07-19 11:36:37.375062,49.69,49.75,6.43,0.0,22.51,45.0,255.0
2025-07-19 11:36:38.992814,49.69,49.69,10.78,0.0,22.48,45.0,255.0
2025-07-19 11:36:40.610781,49.63,49.69,8.61,0.0,22.45,45.0,137.0
2025-07-19 11:36:42.224007,49.63,49.63,5.09,0.0,22.41,45.0,0.0
2025-07-19 11:36:43.842161,49.63,49.63,11.57,0.0,22.82,45.0,255.0
2025-07-19 11:36:45.460019,49.56,49.56,10.48,0.0,22.03,45.0,255.0
2025-07-19 11:36:47.082639,49.56,49.56,2.13,0.0,22.75,45.0,0.0
2025-07-19 11:36:48.687642,49.56,49.5,8.7,0.0,22.4,45.0,255.0
2025-07-19 11:36:50.301288,49.5,49.44,2.78,0.0,21.93,45.0,0.0
2025-07-19 11:36:51.915191,49.44,49.44,9.57,0.0,22.21,45.0,255.0
2025-07-19 11:36:53.533104,49.44,49.38,3.65,0.0,22.17,45.0,0.0
2025-07-19 11:36:55.146613,49.38,49.38,8.65,0.0,22.13,45.0,255.0
2025-07-19 11:36:56.760622,49.38,49.31,8.09,0.0,22.09,45.0,224.0
2025-07-19 11:36:58.378304,49.31,49.25,9.13,0.0,21.62,45.0,255.0
2025-07-19 11:36:59.996114,49.31,49.25,7.35,0.0,22.33,45.0,120.0
2025-07-19 11:37:01.613969,49.25,49.19,12.09,0.0,21.54,45.0,255.0
2025-07-19 11:37:03.227890,49.25,49.19,6.74,0.0,22.25,45.0,0.0
2025-07-19 11:37:04.845304,49.19,49.13,13.52,0.0,21.45,45.0,255.0
2025-07-19 11:37:06.459533,49.13,49.06,8.43,0.0,21.29,45.0,0.0
2025-07-19 11:37:08.074324,49.13,49.06,8.74,0.0,21.99,45.0,255.0
2025-07-19 11:37:09.690977,49.06,49.0,8.57,0.0,21.2,45.0,255.0
2025-07-19 11:37:11.308711,49.06,49.0,9.91,0.0,21.9,45.0,255.0
2025-07-19 11:37:12.922612,49.0,48.94,7.3,0.0,21.11,45.0,73.0
2025-07-19 11:37:14.540062,49.0,48.94,8.43,0.0,21.81,45.0,255.0
2025-07-19 11:37:16.154127,48.94,48.88,7.7,0.0,21.02,45.0,207.0
2025-07-19 11:37:17.673727,48.88,48.88,7.04,39.02,0.0,60.0,188.0
2025-07-19 11:37:19.189059,48.88,48.81,6.83,39.37,0.0,60.0,207.0
2025-07-19 11:37:20.704565,48.81,48.75,10.96,40.15,0.0,60.0,255.0
2025-07-19 11:37:22.224073,48.81,48.75,8.96,39.75,0.0,60.0,178.0
2025-07-19 11:37:23.743309,48.81,48.75,5.52,39.98,0.0,60.0,0.0
2025-07-19 11:37:25.254674,48.81,48.75,13.26,40.2,0.0,60.0,255.0
2025-07-19 11:37:26.770388,48.75,48.81,4.61,40.43,0.0,60.0,0.0
2025-07-19 11:37:28.285899,48.81,48.94,11.04,39.34,0.0,60.0,255.0
2025-07-19 11:37:29.801542,48.81,49.06,3.3,39.62,0.0,60.0,0.0
2025-07-19 11:37:31.316865,48.94,49.19,8.3,38.71,0.0,60.0,255.0
2025-07-19 11:37:32.832256,49.0,49.44,6.57,37.99,0.0,60.0,108.0
2025-07-19 11:37:34.347830,49.19,49.56,8.3,37.58,0.0,60.0,255.0
2025-07-19 11:37:35.863262,49.31,49.69,9.17,37.6,0.0,60.0,255.0
2025-07-19 11:37:37.378654,49.38,49.94,6.83,36.87,0.0,60.0,80.0
2025-07-19 11:37:38.898261,49.5,50.19,10.48,36.01,0.0,60.0,255.0
2025-07-19 11:37:40.418547,49.69,50.38,7.87,35.46,0.0,60.0,105.0
2025-07-19 11:37:41.929255,49.88,50.56,7.78,34.91,0.0,60.0,255.0
2025-07-19 11:37:43.444476,50.06,50.75,2.61,34.35,0.0,60.0,0.0
2025-07-19 11:37:44.959957,50.25,51.0,12.78,33.35,0.0,60.0,255.0
2025-07-19 11:37:46.475311,50.44,51.25,8.3,32.66,0.0,60.0,4.0
2025-07-19 11:37:47.987250,50.69,51.5,1.09,31.52,0.0,60.0,0.0
2025-07-19 11:37:49.502430,50.88,51.69,9.0,31.57,0.0,60.0,255.0
2025-07-19 11:37:51.017797,51.13,51.81,8.57,30.99,0.0,60.0,255.0
2025-07-19 11:37:52.537202,51.31,52.0,10.83,30.41,0.0,60.0,255.0
2025-07-19 11:37:54.052803,51.56,52.25,5.87,28.95,0.0,60.0,0.0
2025-07-19 11:37:55.568247,51.75,52.5,8.3,28.54,0.0,60.0,255.0
2025-07-19 11:37:57.083773,52.0,52.75,10.35,27.38,0.0,60.0,255.0
2025-07-19 11:37:58.599016,52.25,53.0,4.74,26.53,0.0,60.0,0.0
2025-07-19 11:38:00.114475,52.5,53.25,12.43,25.67,0.0,60.0,255.0
2025-07-19 11:38:01.629916,52.75,53.44,7.61,25.25,0.0,60.0,0.0
2025-07-19 11:38:03.141463,53.0,53.63,2.13,24.5,0.0,60.0,0.0
2025-07-19 11:38:04.656773,53.19,53.81,6.22,24.2,0.0,60.0,255.0
2025-07-19 11:38:06.172172,53.38,54.0,4.17,23.57,0.0,60.0,7.0
2025-07-19 11:38:07.683719,53.56,54.25,3.48,22.51,0.0,60.0,66.0
2025-07-19 11:38:09.199169,53.69,54.63,5.22,21.31,0.0,60.0,255.0
2025-07-19 11:38:10.718441,53.75,54.81,8.52,22.18,0.0,60.0,255.0
2025-07-19 11:38:12.233929,53.94,55.0,8.91,20.91,0.0,60.0,255.0
2025-07-19 11:38:13.752065,54.13,55.19,9.78,20.27,0.0,60.0,255.0
2025-07-19 11:38:15.265105,54.38,55.38,6.96,19.18,0.0,60.0,66.0
2025-07-19 11:38:16.780493,54.63,55.56,3.65,18.41,0.0,60.0,0.0
2025-07-19 11:38:18.291612,54.88,55.75,5.26,17.63,0.0,60.0,255.0
2025-07-19 11:38:19.810945,55.13,56.0,6.65,16.4,0.0,60.0,255.0
2025-07-19 11:38:21.326831,55.31,56.13,9.91,16.8,0.0,60.0,255.0
2025-07-19 11:38:22.842111,55.56,56.38,6.61,14.94,0.0,60.0,23.0
2025-07-19 11:38:24.357188,55.75,56.63,6.39,14.46,0.0,60.0,211.0
2025-07-19 11:38:25.873105,56.0,56.88,6.65,13.22,0.0,60.0,252.0
2025-07-19 11:38:27.388505,56.19,57.06,9.09,13.16,0.0,60.0,255.0
2025-07-19 11:38:28.903846,56.44,57.31,5.39,11.6,0.0,60.0,0.0
2025-07-19 11:38:30.428996,56.69,57.5,9.65,11.09,0.0,60.0,255.0
2025-07-19 11:38:31.934878,56.88,57.69,7.65,10.71,0.0,60.0,148.0
2025-07-19 11:38:33.450461,57.13,57.88,8.09,9.57,0.0,60.0,255.0
2025-07-19 11:38:34.965712,57.38,58.13,8.57,8.3,0.0,60.0,255.0
2025-07-19 11:38:36.481357,57.56,58.31,8.43,8.22,0.0,60.0,255.0
2025-07-19 11:38:37.996567,57.81,58.56,7.74,6.63,0.0,60.0,236.0
2025-07-19 11:38:39.508211,58.0,58.75,7.3,6.54,0.0,60.0,238.0
2025-07-19 11:38:41.023390,58.25,58.94,4.91,5.38,0.0,60.0,22.0
2025-07-19 11:38:42.541296,58.44,59.19,4.61,4.53,0.0,60.0,142.0
2025-07-19 11:38:44.049942,58.63,59.5,6.57,3.23,0.0,60.0,255.0
2025-07-19 11:38:45.565768,58.81,59.75,5.83,2.69,0.0,60.0,161.0
2025-07-19 11:38:47.081157,59.0,60.0,7.43,1.82,0.0,60.0,255.0
2025-07-19 11:38:48.596785,59.19,60.19,11.09,1.39,0.0,60.0,255.0
2025-07-19 11:38:50.112114,59.44,60.38,3.13,0.2,0.0,60.0,0.0
2025-07-19 11:38:51.725758,59.63,60.56,8.74,0.0,0.24,60.0,255.0
2025-07-19 11:38:53.339601,59.88,60.81,11.3,0.0,1.87,60.0,255.0
2025-07-19 11:38:54.953083,60.06,61.0,9.22,0.0,2.0,60.0,210.0
2025-07-19 11:38:56.567067,60.38,61.25,6.22,0.0,4.08,60.0,37.0
2025-07-19 11:38:58.181064,60.56,61.44,7.39,0.0,3.91,60.0,255.0
2025-07-19 11:38:59.798708,60.81,61.56,8.3,0.0,4.69,60.0,255.0
2025-07-19 11:39:01.408372,61.0,61.69,5.35,0.0,5.03,60.0,8.0
2025-07-19 11:39:03.021975,61.19,61.75,7.3,0.0,5.24,60.0,255.0
2025-07-19 11:39:04.648744,61.31,61.75,11.22,0.0,4.9,60.0,255.0
2025-07-19 11:39:06.253675,61.44,61.75,3.35,0.0,5.18,60.0,0.0
2025-07-19 11:39:07.867496,61.5,61.75,8.0,0.0,5.03,60.0,255.0
2025-07-19 11:39:09.481425,61.63,61.75,11.78,0.0,5.62,60.0,255.0
2025-07-19 11:39:11.095013,61.69,61.75,7.78,0.0,5.47,60.0,39.0
2025-07-19 11:39:12.712685,61.69,61.75,6.13,0.0,5.19,60.0,125.0
2025-07-19 11:39:14.326437,61.69,61.75,6.78,0.0,5.23,60.0,255.0
2025-07-19 11:39:15.940344,61.69,61.69,6.35,0.0,4.82,60.0,211.0
2025-07-19 11:39:17.554130,61.69,61.69,10.22,0.0,5.17,60.0,255.0
2025-07-19 11:39:19.167791,61.69,61.63,5.7,0.0,4.76,60.0,0.0
2025-07-19 11:39:20.781641,61.69,61.63,2.13,0.0,5.11,60.0,0.0
2025-07-19 11:39:22.398097,61.63,61.56,3.35,0.0,4.27,60.0,202.0
2025-07-19 11:39:24.008964,61.63,61.56,4.52,0.0,4.92,60.0,244.0
2025-07-19 11:39:25.622709,61.63,61.5,6.0,0.0,4.52,60.0,255.0
2025-07-19 11:39:27.236567,61.56,61.44,12.74,0.0,3.98,60.0,255.0
2025-07-19 11:39:28.854335,61.56,61.38,10.74,0.0,4.2,60.0,255.0
2025-07-19 11:39:30.468118,61.5,61.38,6.87,0.0,4.11,60.0,17.0
2025-07-19 11:39:32.081511,61.5,61.31,8.26,0.0,4.01,60.0,255.0
2025-07-19 11:39:33.695641,61.44,61.25,3.52,0.0,3.47,60.0,0.0
2025-07-19 11:39:35.308980,61.38,61.25,12.35,0.0,3.69,60.0,255.0
2025-07-19 11:39:36.922706,61.38,61.19,5.65,0.0,3.59,60.0,0.0
2025-07-19 11:39:38.536975,61.31,61.13,10.13,0.0,3.05,60.0,255.0
2025-07-19 11:39:40.178011,61.25,61.06,5.7,0.0,2.82,60.0,0.0
2025-07-19 11:39:41.764075,61.25,61.06,4.87,0.0,3.47,60.0,136.0
2025-07-19 11:39:43.378161,61.19,61.0,9.91,0.0,2.62,60.0,255.0
2025-07-19 11:39:44.991909,61.13,60.94,6.61,0.0,2.39,60.0,46.0
2025-07-19 11:39:46.605588,61.13,60.94,8.65,0.0,3.03,60.0,255.0
2025-07-19 11:39:48.219517,61.06,60.88,2.0,0.0,2.18,60.0,0.0
2025-07-19 11:39:49.832829,61.0,60.81,10.43,0.0,1.95,60.0,255.0
2025-07-19 11:39:51.451288,61.0,60.81,7.91,0.0,2.59,60.0,147.0
2025-07-19 11:39:53.064498,60.94,60.75,9.48,0.0,1.73,60.0,255.0
2025-07-19 11:39:54.682505,60.88,60.69,10.65,0.0,1.5,60.0,255.0
2025-07-19 11:39:56.292030,60.88,60.69,6.61,0.0,2.14,60.0,3.0
2025-07-19 11:39:57.909971,60.81,60.63,8.78,0.0,1.28,60.0,255.0
2025-07-19 11:39:59.523853,60.75,60.56,7.91,0.0,1.04,60.0,255.0
2025-07-19 11:40:01.137547,60.75,60.5,10.61,0.0,1.24,60.0,255.0
2025-07-19 11:40:02.755036,60.69,60.5,7.78,0.0,1.13,60.0,128.0
2025-07-19 11:40:04.369218,60.63,60.44,7.65,0.0,0.57,60.0,255.0
2025-07-19 11:40:05.996901,60.63,60.44,10.3,0.0,1.21,60.0,255.0
2025-07-19 11:40:07.600815,60.56,60.38,9.04,0.0,0.34,60.0,255.0
2025-07-19 11:40:09.218556,60.56,60.31,13.78,0.0,0.54,60.0,255.0
2025-07-19 11:40:10.832299,60.5,60.31,11.22,0.0,0.42,60.0,255.0
2025-07-19 11:40:12.347628,60.44,60.25,7.52,0.13,0.0,60.0,69.0
2025-07-19 11:40:13.961390,60.44,60.19,9.04,0.0,0.06,60.0,255.0
2025-07-19 11:40:15.476479,60.38,60.19,6.96,0.06,0.0,60.0,150.0
2025-07-19 11:40:16.988461,60.31,60.13,3.09,0.62,0.0,60.0,0.0
2025-07-19 11:40:18.602135,60.31,60.13,7.65,0.0,0.01,60.0,255.0
2025-07-19 11:40:20.117230,60.25,60.13,9.78,0.42,0.0,60.0,255.0
2025-07-19 11:40:21.651513,60.25,60.13,8.57,0.1,0.0,60.0,255.0
2025-07-19 11:40:23.148499,60.25,60.13,7.09,0.1,0.0,60.0,196.0
2025-07-19 11:40:24.762196,60.19,60.25,6.91,0.0,0.34,60.0,255.0
2025-07-19 11:40:26.376101,60.25,60.31,7.17,0.0,0.91,60.0,255.0
2025-07-19 11:40:27.989571,60.25,60.38,3.26,0.0,0.73,60.0,0.0
2025-07-19 11:40:29.599090,60.31,60.44,5.61,0.0,1.3,60.0,255.0
2025-07-19 11:40:31.213380,60.38,60.5,3.04,0.0,1.56,60.0,0.0
2025-07-19 11:40:32.826869,60.44,60.56,5.39,0.0,1.82,60.0,255.0
2025-07-19 11:40:34.440852,60.5,60.69,8.13,0.0,2.52,60.0,255.0
2025-07-19 11:40:36.054045,60.63,60.75,7.78,0.0,2.91,60.0,255.0
2025-07-19 11:40:37.668178,60.69,60.75,3.87,0.0,2.42,60.0,0.0
2025-07-19 11:40:39.281773,60.69,60.69,3.61,0.0,1.68,60.0,142.0
2025-07-19 11:40:40.895496,60.75,60.69,2.91,0.0,2.45,60.0,88.0
2025-07-19 11:40:42.509353,60.75,60.69,4.48,0.0,2.15,60.0,255.0
2025-07-19 11:40:44.123038,60.75,60.63,8.09,0.0,1.73,60.0,255.0
2025-07-19 11:40:45.737041,60.75,60.63,9.91,0.0,2.05,60.0,255.0
2025-07-19 11:40:47.350545,60.75,60.63,4.43,0.0,2.07,60.0,0.0
2025-07-19 11:40:48.964503,60.75,60.56,10.87,0.0,1.64,60.0,255.0
2025-07-19 11:40:50.578200,60.69,60.5,6.39,0.0,1.09,60.0,0.0
2025-07-19 11:40:52.191792,60.69,60.5,7.83,0.0,1.73,60.0,255.0
2025-07-19 11:40:53.805608,60.63,60.44,10.22,0.0,0.86,60.0,255.0
2025-07-19 11:40:55.423084,60.63,60.44,8.09,0.0,1.5,60.0,198.0
2025-07-19 11:40:57.033340,60.56,60.38,3.43,0.0,0.63,60.0,0.0
2025-07-19 11:40:58.646837,60.56,60.31,8.13,0.0,0.83,60.0,255.0
2025-07-19 11:41:00.260866,60.5,60.25,2.65,0.0,0.28,60.0,0.0
2025-07-19 11:41:01.874272,60.44,60.19,3.7,0.0,0.03,60.0,233.0
2025-07-19 11:41:03.488151,60.44,60.19,11.52,0.0,0.66,60.0,255.0
2025-07-19 11:41:05.008464,60.38,60.13,5.57,0.21,0.0,60.0,0.0
2025-07-19 11:41:06.518891,60.31,60.06,11.96,0.45,0.0,60.0,255.0
2025-07-19 11:41:08.132638,60.31,60.06,14.09,0.0,0.18,60.0,255.0
2025-07-19 11:41:09.648224,60.25,60.06,9.04,0.26,0.0,60.0,55.0
2025-07-19 11:41:11.159593,60.19,60.0,5.61,0.82,0.0,60.0,26.0
2025-07-19 11:41:12.674708,60.19,59.94,6.87,0.63,0.0,60.0,255.0
2025-07-19 11:41:14.190468,60.13,59.88,6.83,1.19,0.0,60.0,255.0
2025-07-19 11:41:15.705887,60.06,59.94,10.7,0.57,0.0,60.0,255.0
2025-07-19 11:41:17.217112,60.06,60.0,6.83,0.13,0.0,60.0,48.0
2025-07-19 11:41:18.835235,60.06,60.13,7.57,0.0,0.43,60.0,255.0
2025-07-19 11:41:20.444828,60.06,60.25,4.57,0.0,0.69,60.0,17.0
2025-07-19 11:41:22.058678,60.13,60.38,5.17,0.0,1.38,60.0,255.0
2025-07-19 11:41:23.672306,60.19,60.5,2.04,0.0,1.76,60.0,0.0
2025-07-19 11:41:25.286249,60.38,60.56,15.17,0.0,2.58,60.0,255.0
2025-07-19 11:41:26.899346,60.5,60.63,5.78,0.0,2.66,60.0,0.0
2025-07-19 11:41:28.513522,60.56,60.75,12.22,0.0,3.05,60.0,255.0
2025-07-19 11:41:30.127261,60.69,60.88,7.35,0.0,3.87,60.0,7.0
2025-07-19 11:41:31.741021,60.75,60.88,4.22,0.0,3.08,60.0,0.0
2025-07-19 11:41:33.354811,60.81,60.94,11.35,0.0,3.66,60.0,255.0
2025-07-19 11:41:34.972445,60.88,60.94,10.61,0.0,3.49,60.0,255.0
2025-07-19 11:41:36.586474,60.94,60.94,9.04,0.0,3.63,60.0,255.0
2025-07-19 11:41:38.214837,60.94,60.94,5.35,0.0,3.34,60.0,8.0
2025-07-19 11:41:39.813913,61.0,60.88,4.78,0.0,3.36,60.0,185.0
2025-07-19 11:41:41.427716,61.0,60.88,12.04,0.0,3.38,60.0,255.0
2025-07-19 11:41:43.045459,60.94,60.81,8.26,0.0,2.52,60.0,117.0
2025-07-19 11:41:44.659281,60.94,60.75,7.17,0.0,2.72,60.0,245.0
2025-07-19 11:41:46.272621,60.94,60.75,8.96,0.0,3.05,60.0,255.0
2025-07-19 11:41:47.886712,60.88,60.75,7.43,0.0,2.63,60.0,229.0
2025-07-19 11:41:49.504540,60.88,60.69,13.13,0.0,2.52,60.0,255.0
2025-07-19 11:41:51.118413,60.81,60.63,8.83,0.0,1.97,60.0,109.0
2025-07-19 11:41:52.732091,60.81,60.63,8.43,0.0,2.61,60.0,255.0
2025-07-19 11:41:54.349906,60.75,60.56,7.35,0.0,1.75,60.0,255.0
2025-07-19 11:41:55.963448,60.75,60.5,10.61,0.0,1.95,60.0,255.0
2025-07-19 11:41:57.577482,60.69,60.5,3.35,0.0,1.84,60.0,0.0
2025-07-19 11:41:59.191226,60.69,60.44,10.52,0.0,1.72,60.0,255.0
2025-07-19 11:42:00.804974,60.63,60.38,2.87,0.0,1.17,60.0,0.0
2025-07-19 11:42:02.418652,60.56,60.31,14.61,0.0,0.93,60.0,255.0
2025-07-19 11:42:04.032090,60.5,60.31,3.17,0.0,1.13,60.0,0.0
2025-07-19 11:42:05.646030,60.5,60.25,9.57,0.0,1.01,60.0,255.0
2025-07-19 11:42:07.260025,60.44,60.19,4.96,0.0,0.45,60.0,0.0
2025-07-19 11:42:08.873827,60.38,60.19,6.43,0.0,0.64,60.0,255.0
2025-07-19 11:42:10.487178,60.38,60.13,8.39,0.0,0.52,60.0,255.0
2025-07-19 11:42:12.002442,60.31,60.06,13.96,0.03,0.0,60.0,255.0
2025-07-19 11:42:13.616547,60.31,60.06,6.3,0.0,0.59,60.0,0.0
2025-07-19 11:42:15.128029,60.25,60.0,9.3,0.28,0.0,60.0,255.0
2025-07-19 11:42:16.643362,60.19,59.94,8.48,0.53,0.0,60.0,255.0
2025-07-19 11:42:18.166063,60.13,59.94,11.48,0.34,0.0,60.0,255.0
2025-07-19 11:42:19.678587,60.13,59.94,10.91,0.03,0.0,60.0,255.0
2025-07-19 11:42:21.193975,60.13,59.88,10.39,0.46,0.0,60.0,255.0
2025-07-19 11:42:22.708909,60.06,59.94,6.83,0.15,0.0,60.0,92.0
2025-07-19 11:42:24.220771,60.06,59.94,2.65,0.15,0.0,60.0,0.0
2025-07-19 11:42:25.834578,60.06,60.0,9.87,0.0,0.29,60.0,255.0
2025-07-19 11:42:27.444238,60.06,60.06,3.26,0.0,0.41,60.0,0.0
2025-07-19 11:42:29.057818,60.13,60.19,5.83,0.0,1.42,60.0,255.0
2025-07-19 11:42:30.671266,60.19,60.25,6.74,0.0,1.36,60.0,255.0
2025-07-19 11:42:32.289062,60.31,60.38,12.74,0.0,2.49,60.0,255.0
2025-07-19 11:42:33.907261,60.38,60.5,10.65,0.0,2.56,60.0,255.0
2025-07-19 11:42:35.517012,60.44,60.63,5.7,0.0,2.95,60.0,0.0
2025-07-19 11:42:37.134425,60.56,60.69,7.87,0.0,3.34,60.0,255.0
2025-07-19 11:42:38.748564,60.63,60.69,12.61,0.0,2.85,60.0,255.0
2025-07-19 11:42:40.368887,60.69,60.69,11.48,0.0,2.99,60.0,255.0
2025-07-19 11:42:41.980161,60.75,60.75,8.13,0.0,3.56,60.0,161.0
2025-07-19 11:42:43.593860,60.75,60.69,5.0,0.0,2.52,60.0,57.0
2025-07-19 11:42:45.207803,60.75,60.69,8.35,0.0,2.84,60.0,255.0
2025-07-19 11:42:46.821557,60.75,60.63,7.17,0.0,2.42,60.0,255.0
2025-07-19 11:42:48.439231,60.75,60.56,9.91,0.0,2.31,60.0,255.0
2025-07-19 11:42:50.053053,60.75,60.56,8.09,0.0,2.63,60.0,255.0
2025-07-19 11:42:51.666700,60.69,60.5,9.39,0.0,1.77,60.0,255.0
2025-07-19 11:42:53.280525,60.69,60.5,4.65,0.0,2.41,60.0,0.0
2025-07-19 11:42:54.893840,60.63,60.44,5.48,0.0,1.54,60.0,255.0
2025-07-19 11:42:56.507968,60.63,60.44,11.43,0.0,2.18,60.0,255.0
2025-07-19 11:42:58.121834,60.56,60.38,6.87,0.0,1.31,60.0,36.0
2025-07-19 11:42:59.736450,60.56,60.31,8.13,0.0,1.51,60.0,255.0
2025-07-19 11:43:01.349140,60.5,60.25,4.0,0.0,0.95,60.0,0.0
2025-07-19 11:43:02.963050,60.44,60.25,13.91,0.0,1.15,60.0,255.0
2025-07-19 11:43:04.576805,60.44,60.19,5.52,0.0,1.03,60.0,0.0
2025-07-19 11:43:06.190470,60.38,60.19,5.0,0.0,0.91,60.0,221.0
2025-07-19 11:43:07.808289,60.31,60.13,13.39,0.0,0.35,60.0,255.0
2025-07-19 11:43:09.421989,60.31,60.06,6.0,0.0,0.54,60.0,0.0
2025-07-19 11:43:11.035599,60.25,60.06,9.09,0.0,0.42,60.0,255.0
2025-07-19 11:43:12.654910,60.25,60.0,11.61,0.0,0.3,60.0,255.0
2025-07-19 11:43:14.165038,60.19,59.94,7.48,0.26,0.0,60.0,87.0
2025-07-19 11:43:15.676436,60.13,59.88,5.65,0.51,0.0,60.0,164.0
2025-07-19 11:43:17.290245,60.13,59.88,5.26,0.0,0.11,60.0,240.0
2025-07-19 11:43:18.805584,60.06,59.81,7.74,0.76,0.0,60.0,255.0
2025-07-19 11:43:20.320999,60.0,59.75,8.13,1.02,0.0,60.0,255.0
2025-07-19 11:43:21.836404,60.0,59.75,8.22,0.39,0.0,60.0,255.0
2025-07-19 11:43:23.352137,59.94,59.69,9.48,1.27,0.0,60.0,255.0
2025-07-19 11:43:24.875216,59.88,59.75,6.48,0.65,0.0,60.0,122.0
2025-07-19 11:43:26.481144,59.88,59.88,8.35,0.0,0.22,60.0,255.0
2025-07-19 11:43:28.095009,59.88,59.94,10.43,0.0,0.03,60.0,255.0
2025-07-19 11:43:29.708658,59.94,60.06,3.83,0.0,1.03,60.0,0.0
2025-07-19 11:43:31.322339,59.94,60.31,5.48,0.0,1.85,60.0,255.0
2025-07-19 11:43:32.940359,60.0,60.44,12.96,0.0,1.91,60.0,255.0
2025-07-19 11:43:34.549879,60.19,60.5,5.13,0.0,2.73,60.0,0.0
2025-07-19 11:43:36.163823,60.25,60.5,7.78,0.0,1.93,60.0,255.0
2025-07-19 11:43:37.777404,60.38,60.56,2.17,0.0,2.94,60.0,0.0
2025-07-19 11:43:39.399160,60.44,60.56,7.91,0.0,2.45,60.0,255.0
2025-07-19 11:43:41.004959,60.5,60.56,4.48,0.0,2.58,60.0,17.0
2025-07-19 11:43:42.618612,60.56,60.56,7.74,0.0,2.72,60.0,255.0
2025-07-19 11:43:44.232285,60.63,60.56,5.61,0.0,2.86,60.0,142.0
2025-07-19 11:43:45.850125,60.63,60.5,10.39,0.0,2.12,60.0,255.0
2025-07-19 11:43:47.463995,60.63,60.5,7.13,0.0,2.44,60.0,128.0
2025-07-19 11:43:49.077753,60.63,60.5,10.65,0.0,2.45,60.0,255.0
2025-07-19 11:43:50.695576,60.63,60.44,8.04,0.0,2.03,60.0,204.0
2025-07-19 11:43:52.309486,60.63,60.44,6.61,0.0,2.35,60.0,225.0
2025-07-19 11:43:53.925205,60.56,60.38,9.22,0.0,1.48,60.0,255.0
2025-07-19 11:43:55.540928,60.56,60.31,13.39,0.0,1.68,60.0,255.0
2025-07-19 11:43:57.158579,60.5,60.31,10.3,0.0,1.56,60.0,255.0
2025-07-19 11:43:58.772607,60.44,60.25,6.87,0.0,1.01,60.0,109.0
2025-07-19 11:44:00.386414,60.44,60.19,12.0,0.0,1.2,60.0,255.0
2025-07-19 11:44:02.000107,60.38,60.19,3.39,0.0,1.08,60.0,0.0
2025-07-19 11:44:03.614142,60.31,60.13,5.7,0.0,0.52,60.0,255.0
2025-07-19 11:44:05.227190,60.31,60.06,9.3,0.0,0.71,60.0,255.0
2025-07-19 11:44:06.841265,60.25,60.0,7.7,0.0,0.15,60.0,255.0
2025-07-19 11:44:08.461078,60.25,60.0,4.65,0.0,0.78,60.0,49.0
2025-07-19 11:44:09.970096,60.19,59.94,5.57,0.09,0.0,60.0,255.0
2025-07-19 11:44:11.485751,60.13,59.88,8.09,0.34,0.0,60.0,255.0
2025-07-19 11:44:13.099582,60.13,59.88,3.43,0.0,0.28,60.0,0.0
2025-07-19 11:44:14.611085,60.06,59.81,10.61,0.59,0.0,60.0,255.0
2025-07-19 11:44:16.126561,60.0,59.81,5.78,0.41,0.0,60.0,0.0
2025-07-19 11:44:17.633382,60.0,59.81,2.61,0.1,0.0,60.0,0.0
2025-07-19 11:44:19.149161,59.94,59.88,7.13,0.1,0.0,60.0,255.0
2025-07-19 11:44:20.762741,60.0,59.88,4.3,0.0,0.34,60.0,49.0
2025-07-19 11:44:22.376684,60.0,59.88,5.26,0.0,0.02,60.0,255.0
2025-07-19 11:44:23.986358,60.0,60.0,2.7,0.0,0.9,60.0,4.0
2025-07-19 11:44:25.600347,60.0,60.06,7.26,0.0,0.71,60.0,255.0
2025-07-19 11:44:27.213888,60.06,60.13,7.13,0.0,1.28,60.0,255.0
2025-07-19 11:44:28.831701,60.13,60.19,6.96,0.0,1.53,60.0,255.0
2025-07-19 11:44:30.445418,60.19,60.19,7.04,0.0,1.35,60.0,255.0
2025-07-19 11:44:32.058779,60.25,60.25,5.04,0.0,1.91,60.0,129.0
2025-07-19 11:44:33.673006,60.25,60.19,8.09,0.0,0.86,60.0,255.0
2025-07-19 11:44:35.304387,60.25,60.19,11.52,0.0,1.17,60.0,255.0
2025-07-19 11:44:36.908590,60.25,60.13,10.22,0.0,0.74,60.0,255.0
2025-07-19 11:44:38.522621,60.25,60.13,13.61,0.0,1.05,60.0,255.0
2025-07-19 11:44:40.140192,60.25,60.06,8.39,0.0,0.62,60.0,53.0
2025-07-19 11:44:41.749998,60.25,60.06,4.91,0.0,0.94,60.0,31.0
2025-07-19 11:44:43.367589,60.19,60.0,11.91,0.0,0.06,60.0,255.0
2025-07-19 11:44:44.976949,60.19,60.0,4.57,0.0,0.69,60.0,0.0
2025-07-19 11:44:46.492798,60.13,59.94,3.17,0.18,0.0,60.0,97.0
2025-07-19 11:44:48.106585,60.13,59.94,5.61,0.0,0.44,60.0,255.0
2025-07-19 11:44:49.617967,60.06,59.88,5.26,0.43,0.0,60.0,243.0
2025-07-19 11:44:51.235928,60.06,59.88,7.43,0.0,0.19,60.0,255.0
2025-07-19 11:44:52.751386,60.0,59.81,10.74,0.69,0.0,60.0,255.0
2025-07-19 11:44:54.371970,60.0,59.88,13.43,0.0,0.37,60.0,255.0
2025-07-19 11:44:55.978880,60.0,59.88,3.22,0.0,0.06,60.0,0.0
2025-07-19 11:44:57.592530,60.0,59.94,8.57,0.0,0.5,60.0,255.0
2025-07-19 11:44:59.206192,60.0,60.0,5.35,0.0,0.62,60.0,64.0
2025-07-19 11:45:00.819953,60.06,60.13,3.7,0.0,1.62,60.0,101.0
2025-07-19 11:45:02.433605,60.06,60.13,6.52,0.0,0.69,60.0,255.0
2025-07-19 11:45:04.047489,60.13,60.19,6.43,0.0,1.57,60.0,255.0
2025-07-19 11:45:05.661117,60.13,60.13,3.61,0.0,0.51,60.0,22.0
2025-07-19 11:45:07.275022,60.13,60.13,5.78,0.0,0.82,60.0,255.0
2025-07-19 11:45:08.892753,60.13,60.06,11.26,0.0,0.39,60.0,255.0
2025-07-19 11:45:10.506704,60.13,60.06,6.87,0.0,0.7,60.0,48.0
2025-07-19 11:45:12.120383,60.19,60.0,6.13,0.0,0.7,60.0,250.0
2025-07-19 11:45:13.734425,60.13,60.0,8.83,0.0,0.27,60.0,255.0
2025-07-19 11:45:15.352006,60.13,60.0,12.74,0.0,0.58,60.0,255.0
2025-07-19 11:45:16.965583,60.13,59.94,8.22,0.0,0.14,60.0,91.0
2025-07-19 11:45:18.477039,60.06,59.88,2.0,0.42,0.0,60.0,0.0
2025-07-19 11:45:20.090758,60.06,59.88,7.26,0.0,0.2,60.0,255.0
2025-07-19 11:45:21.606433,60.0,59.81,8.22,0.67,0.0,60.0,255.0
2025-07-19 11:45:23.121704,60.0,59.75,12.74,0.49,0.0,60.0,255.0
2025-07-19 11:45:24.650208,59.94,59.75,1.04,0.62,0.0,60.0,0.0
2025-07-19 11:45:26.148521,59.94,59.69,11.26,0.74,0.0,60.0,255.0
2025-07-19 11:45:27.664093,59.88,59.69,2.78,0.87,0.0,60.0,0.0
2025-07-19 11:45:29.186509,59.88,59.69,11.91,0.57,0.0,60.0,255.0
2025-07-19 11:45:30.690685,59.81,59.75,8.09,0.57,0.0,60.0,129.0
2025-07-19 11:45:32.206187,59.81,59.81,5.13,0.14,0.0,60.0,73.0
2025-07-19 11:45:33.820061,59.88,59.94,6.17,0.0,0.86,60.0,255.0
2025-07-19 11:45:35.433640,59.88,60.13,8.78,0.0,1.24,60.0,255.0
2025-07-19 11:45:37.062350,59.94,60.31,10.91,0.0,2.05,60.0,255.0
2025-07-19 11:45:38.661292,60.13,60.5,5.26,0.0,3.43,60.0,0.0
2025-07-19 11:45:40.274977,60.31,60.69,8.78,0.0,4.19,60.0,255.0
2025-07-19 11:45:41.888634,60.44,60.81,4.87,0.0,4.08,60.0,2.0
2025-07-19 11:45:43.503287,60.63,60.88,12.96,0.0,4.6,60.0,255.0
2025-07-19 11:45:45.116421,60.75,60.88,2.48,0.0,4.24,60.0,0.0
2025-07-19 11:45:46.730134,60.81,60.94,9.74,0.0,4.5,60.0,255.0
2025-07-19 11:45:48.343316,60.94,60.94,1.83,0.0,4.77,60.0,0.0
2025-07-19 11:45:49.957499,60.94,60.94,7.7,0.0,4.17,60.0,255.0
2025-07-19 11:45:51.571084,61.0,60.94,15.39,0.0,4.62,60.0,255.0
2025-07-19 11:45:53.184963,61.0,60.94,9.83,0.0,4.33,60.0,86.0
2025-07-19 11:45:54.802745,61.0,60.88,8.83,0.0,3.91,60.0,255.0
2025-07-19 11:45:56.416647,61.0,60.88,8.39,0.0,4.24,60.0,255.0
2025-07-19 11:45:58.026328,61.0,60.81,3.0,0.0,3.82,60.0,0.0
2025-07-19 11:45:59.643924,60.94,60.75,10.13,0.0,3.28,60.0,255.0
2025-07-19 11:46:01.257797,60.94,60.75,11.83,0.0,3.92,60.0,255.0
2025-07-19 11:46:02.875667,60.94,60.69,7.83,0.0,3.5,60.0,109.0
2025-07-19 11:46:04.489493,60.88,60.69,10.17,0.0,3.39,60.0,255.0
2025-07-19 11:46:06.107218,60.88,60.63,13.87,0.0,3.28,60.0,255.0
2025-07-19 11:46:07.725129,60.81,60.56,10.52,0.0,2.73,60.0,253.0
2025-07-19 11:46:09.338983,60.75,60.56,8.04,0.0,2.93,60.0,213.0
2025-07-19 11:46:10.952723,60.75,60.5,6.43,0.0,2.82,60.0,207.0
2025-07-19 11:46:12.570613,60.69,60.44,13.74,0.0,2.27,60.0,255.0
2025-07-19 11:46:14.184288,60.63,60.44,6.26,0.0,2.47,60.0,0.0
2025-07-19 11:46:15.797832,60.63,60.38,6.87,0.0,2.35,60.0,255.0
2025-07-19 11:46:17.411331,60.56,60.38,6.78,0.0,2.23,60.0,255.0
2025-07-19 11:46:19.021390,60.56,60.31,3.22,0.0,2.12,60.0,0.0
2025-07-19 11:46:20.639130,60.5,60.25,10.39,0.0,1.56,60.0,255.0
2025-07-19 11:46:22.252602,60.44,60.25,7.57,0.0,1.76,60.0,173.0
2025-07-19 11:46:23.866328,60.38,60.19,9.74,0.0,1.2,60.0,255.0
2025-07-19 11:46:25.480741,60.38,60.13,5.87,0.0,1.39,60.0,43.0
2025-07-19 11:46:27.094284,60.31,60.13,4.04,0.0,1.27,60.0,102.0
2025-07-19 11:46:28.711948,60.31,60.06,7.83,0.0,1.15,60.0,255.0
2025-07-19 11:46:30.325609,60.25,60.0,10.22,0.0,0.59,60.0,255.0
2025-07-19 11:46:31.939426,60.19,60.0,6.17,0.0,0.78,60.0,44.0
2025-07-19 11:46:33.558759,60.13,59.94,9.83,0.0,0.22,60.0,255.0
2025-07-19 11:46:35.167206,60.13,59.88,6.57,0.0,0.41,60.0,108.0
2025-07-19 11:46:36.784848,60.06,59.88,11.09,0.0,0.28,60.0,255.0
2025-07-19 11:46:38.402672,60.06,59.81,10.96,0.0,0.15,60.0,255.0
2025-07-19 11:46:39.914083,60.0,59.75,2.22,0.41,0.0,60.0,0.0
2025-07-19 11:46:41.425644,59.94,59.69,6.04,0.66,0.0,60.0,255.0
2025-07-19 11:46:42.940917,59.94,59.69,8.09,0.04,0.0,60.0,255.0
2025-07-19 11:46:44.474826,59.88,59.63,12.39,0.92,0.0,60.0,255.0
2025-07-19 11:46:45.971916,59.88,59.63,6.87,0.3,0.0,60.0,0.0
2025-07-19 11:46:47.487180,59.81,59.69,10.96,0.31,0.0,60.0,255.0
2025-07-19 11:46:49.101051,59.81,59.75,8.52,0.0,0.13,60.0,234.0
2025-07-19 11:46:50.714841,59.81,59.81,9.22,0.0,0.25,60.0,255.0
2025-07-19 11:46:52.332521,59.81,59.94,8.48,0.0,0.81,60.0,255.0
2025-07-19 11:46:53.946460,59.88,60.13,6.35,0.0,1.93,60.0,170.0
2025-07-19 11:46:55.560028,60.0,60.31,11.22,0.0,2.87,60.0,255.0
2025-07-19 11:46:57.173850,60.06,60.38,4.78,0.0,2.19,60.0,0.0
2025-07-19 11:46:58.787789,60.19,60.44,8.7,0.0,2.88,60.0,255.0
2025-07-19 11:47:00.401427,60.25,60.5,6.0,0.0,2.83,60.0,123.0
2025-07-19 11:47:02.014965,60.38,60.5,8.43,0.0,3.09,60.0,255.0
2025-07-19 11:47:03.632946,60.44,60.5,6.96,0.0,2.91,60.0,235.0
2025-07-19 11:47:05.246249,60.44,60.5,5.09,0.0,2.61,60.0,139.0
2025-07-19 11:47:06.860349,60.5,60.44,7.78,0.0,2.61,60.0,255.0
2025-07-19 11:47:08.474272,60.5,60.44,7.61,0.0,2.62,60.0,255.0
2025-07-19 11:47:10.091925,60.5,60.38,7.3,0.0,2.2,60.0,255.0
2025-07-19 11:47:11.705921,60.5,60.38,14.04,0.0,2.52,60.0,255.0
2025-07-19 11:47:13.319494,60.5,60.31,7.74,0.0,2.09,60.0,0.0
2025-07-19 11:47:14.933221,60.44,60.31,8.78,0.0,1.97,60.0,255.0
2025-07-19 11:47:16.551077,60.44,60.25,10.74,0.0,1.85,60.0,255.0
2025-07-19 11:47:18.160835,60.44,60.19,4.91,0.0,1.73,60.0,0.0
2025-07-19 11:47:19.778617,60.38,60.19,15.39,0.0,1.61,60.0,255.0
2025-07-19 11:47:21.396321,60.38,60.13,10.57,0.0,1.49,60.0,160.0
2025-07-19 11:47:23.009774,60.31,60.13,6.78,0.0,1.37,60.0,83.0
2025-07-19 11:47:24.623933,60.31,60.06,11.26,0.0,1.25,60.0,255.0
2025-07-19 11:47:26.237361,60.25,60.06,9.26,0.0,1.13,60.0,255.0
2025-07-19 11:47:27.855586,60.25,60.0,8.83,0.0,1.01,60.0,255.0
2025-07-19 11:47:29.469545,60.19,59.94,11.61,0.0,0.45,60.0,255.0
2025-07-19 11:47:31.082968,60.19,59.94,1.96,0.0,1.07,60.0,0.0
2025-07-19 11:47:32.696619,60.13,59.88,5.39,0.0,0.2,60.0,255.0
2025-07-19 11:47:34.212451,60.06,59.81,12.78,0.05,0.0,60.0,255.0
2025-07-19 11:47:35.837227,60.06,59.81,5.83,0.0,0.57,60.0,0.0
2025-07-19 11:47:37.341421,60.0,59.75,14.65,0.31,0.0,60.0,255.0
2025-07-19 11:47:38.852923,60.0,59.69,7.3,0.12,0.0,60.0,0.0
2025-07-19 11:47:40.368419,59.94,59.69,9.22,0.25,0.0,60.0,255.0
2025-07-19 11:47:41.879580,59.88,59.69,3.61,0.38,0.0,60.0,0.0
2025-07-19 11:47:43.510520,59.88,59.75,4.39,0.0,0.36,60.0,255.0
2025-07-19 11:47:45.107323,59.88,59.75,11.3,0.0,0.05,60.0,255.0
2025-07-19 11:47:46.724935,59.88,59.88,8.0,0.0,0.92,60.0,159.0
2025-07-19 11:47:48.338638,59.88,60.0,7.74,0.0,1.17,60.0,255.0
2025-07-19 11:47:49.952452,59.94,60.13,8.78,0.0,1.86,60.0,255.0
2025-07-19 11:47:51.566397,60.0,60.19,7.35,0.0,1.8,60.0,253.0
2025-07-19 11:47:53.183982,60.06,60.25,8.13,0.0,2.05,60.0,255.0
2025-07-19 11:47:54.797430,60.19,60.31,8.61,0.0,2.74,60.0,255.0
2025-07-19 11:47:56.411591,60.25,60.38,11.48,0.0,2.69,60.0,255.0
2025-07-19 11:47:58.029510,60.31,60.38,9.52,0.0,2.51,60.0,255.0
2025-07-19 11:47:59.639303,60.38,60.31,2.83,0.0,2.2,60.0,0.0
2025-07-19 11:48:01.256830,60.44,60.31,11.13,0.0,2.65,60.0,255.0
2025-07-19 11:48:02.870635,60.44,60.25,6.65,0.0,1.9,60.0,34.0
2025-07-19 11:48:04.484341,60.44,60.25,5.39,0.0,2.22,60.0,189.0
2025-07-19 11:48:06.098021,60.44,60.25,2.91,0.0,2.23,60.0,18.0
2025-07-19 11:48:07.711764,60.38,60.19,6.39,0.0,1.36,60.0,255.0
2025-07-19 11:48:09.325672,60.38,60.19,8.96,0.0,1.99,60.0,255.0
2025-07-19 11:48:10.943196,60.38,60.13,11.7,0.0,1.56,60.0,255.0
2025-07-19 11:48:12.557495,60.31,60.06,11.43,0.0,1.0,60.0,255.0
2025-07-19 11:48:14.182763,60.31,60.06,8.87,0.0,1.63,60.0,239.0
2025-07-19 11:48:15.788938,60.25,60.0,8.0,0.0,0.75,60.0,255.0
2025-07-19 11:48:17.417048,60.25,60.0,9.74,0.0,1.38,60.0,255.0
2025-07-19 11:48:19.020425,60.19,59.94,10.26,0.0,0.51,60.0,255.0
2025-07-19 11:48:20.634403,60.13,59.88,7.22,0.0,0.26,60.0,146.0
2025-07-19 11:48:22.248045,60.13,59.81,6.57,0.0,0.45,60.0,255.0
2025-07-19 11:48:23.865754,60.06,59.81,9.74,0.0,0.32,60.0,255.0
2025-07-19 11:48:25.381232,60.0,59.75,10.13,0.25,0.0,60.0,255.0
2025-07-19 11:48:26.994672,60.0,59.75,8.48,0.0,0.38,60.0,255.0
2025-07-19 11:48:28.510486,59.94,59.69,11.26,0.5,0.0,60.0,255.0
2025-07-19 11:48:30.026103,59.88,59.69,11.17,0.32,0.0,60.0,255.0
2025-07-19 11:48:31.541489,59.88,59.63,6.61,0.45,0.0,60.0,27.0
2025-07-19 11:48:33.056876,59.81,59.63,11.35,0.58,0.0,60.0,255.0
2025-07-19 11:48:34.674823,59.81,59.69,12.17,0.0,0.17,60.0,255.0
2025-07-19 11:48:36.186059,59.81,59.69,5.7,0.15,0.0,60.0,0.0
2025-07-19 11:48:37.701600,59.81,59.69,7.91,0.16,0.0,60.0,255.0
2025-07-19 11:48:39.217024,59.81,59.69,7.87,0.16,0.0,60.0,255.0
2025-07-19 11:48:40.830253,59.81,59.75,9.09,0.0,0.27,60.0,255.0
2025-07-19 11:48:42.448501,59.81,59.81,10.35,0.0,0.39,60.0,255.0
2025-07-19 11:48:44.062279,59.81,59.81,9.91,0.0,0.08,60.0,255.0
2025-07-19 11:48:45.676229,59.88,59.94,10.13,0.0,1.39,60.0,255.0
2025-07-19 11:48:47.294080,59.88,60.13,8.35,0.0,1.76,60.0,255.0
2025-07-19 11:48:48.907623,59.94,60.19,7.96,0.0,1.7,60.0,255.0
2025-07-19 11:48:50.521412,60.0,60.19,4.65,0.0,1.51,60.0,32.0
2025-07-19 11:48:52.135079,60.13,60.19,5.39,0.0,2.08,60.0,255.0
2025-07-19 11:48:53.748919,60.19,60.25,9.7,0.0,2.33,60.0,255.0
2025-07-19 11:48:55.362581,60.25,60.19,7.74,0.0,1.71,60.0,235.0
2025-07-19 11:48:56.980426,60.25,60.19,7.43,0.0,1.72,60.0,255.0
2025-07-19 11:48:58.594176,60.25,60.19,11.83,0.0,1.72,60.0,255.0
2025-07-19 11:49:00.207620,60.25,60.13,9.04,0.0,1.29,60.0,233.0
2025-07-19 11:49:01.821707,60.25,60.13,4.57,0.0,1.61,60.0,0.0
2025-07-19 11:49:03.435197,60.25,60.06,7.04,0.0,1.17,60.0,255.0
2025-07-19 11:49:05.049456,60.19,60.0,9.7,0.0,0.61,60.0,255.0
2025-07-19 11:49:06.664017,60.19,60.0,6.26,0.0,1.24,60.0,86.0
2025-07-19 11:49:08.276746,60.19,59.94,3.17,0.0,0.8,60.0,0.0
2025-07-19 11:49:09.905622,60.13,59.94,4.7,0.0,0.68,60.0,255.0
2025-07-19 11:49:11.504220,60.13,59.88,7.26,0.0,0.55,60.0,255.0
2025-07-19 11:49:13.117685,60.06,59.88,8.43,0.0,0.43,60.0,255.0
2025-07-19 11:49:14.629416,60.0,59.75,5.09,0.58,0.0,60.0,46.0
2025-07-19 11:49:16.243154,60.0,59.75,2.61,0.0,0.36,60.0,6.0
2025-07-19 11:49:17.758418,59.94,59.69,8.43,0.52,0.0,60.0,255.0
2025-07-19 11:49:19.269867,59.88,59.69,6.7,0.34,0.0,60.0,208.0
2025-07-19 11:49:20.781326,59.88,59.63,3.13,0.47,0.0,60.0,0.0
2025-07-19 11:49:22.296893,59.81,59.69,8.26,0.16,0.0,60.0,255.0
2025-07-19 11:49:23.812210,59.81,59.63,10.48,0.6,0.0,60.0,255.0
2025-07-19 11:49:25.336936,59.81,59.63,6.83,0.3,0.0,60.0,94.0
2025-07-19 11:49:26.941363,59.81,59.69,9.52,0.0,0.14,60.0,255.0
2025-07-19 11:49:28.456778,59.75,59.69,12.35,0.62,0.0,60.0,255.0
2025-07-19 11:49:30.070788,59.75,59.81,7.35,0.0,0.56,60.0,27.0
2025-07-19 11:49:31.684204,59.81,59.94,7.48,0.0,1.25,60.0,255.0
2025-07-19 11:49:33.298201,59.88,60.06,4.91,0.0,1.62,60.0,90.0
2025-07-19 11:49:34.911812,60.0,60.13,7.48,0.0,2.0,60.0,255.0
2025-07-19 11:49:36.529649,60.13,60.19,10.04,0.0,2.38,60.0,255.0
2025-07-19 11:49:38.143112,60.19,60.25,4.83,0.0,2.32,60.0,0.0
2025-07-19 11:49:39.757346,60.25,60.31,11.87,0.0,2.58,60.0,255.0
2025-07-19 11:49:41.374972,60.31,60.31,9.43,0.0,2.39,60.0,255.0
2025-07-19 11:49:42.984362,60.31,60.25,6.13,0.0,1.65,60.0,88.0
2025-07-19 11:49:44.598437,60.38,60.25,2.43,0.0,2.41,60.0,0.0
2025-07-19 11:49:46.214290,60.38,60.19,11.35,0.0,1.66,60.0,255.0
2025-07-19 11:49:47.830154,60.38,60.19,10.35,0.0,1.98,60.0,255.0
2025-07-19 11:49:49.447743,60.31,60.19,12.52,0.0,1.55,60.0,255.0
2025-07-19 11:49:51.061705,60.31,60.13,10.7,0.0,1.43,60.0,255.0
2025-07-19 11:49:52.679542,60.31,60.06,8.74,0.0,1.31,60.0,255.0
2025-07-19 11:49:54.293398,60.25,60.06,7.83,0.0,1.18,60.0,255.0
2025-07-19 11:49:55.907007,60.25,60.0,6.13,0.0,1.06,60.0,190.0
2025-07-19 11:49:57.520687,60.19,59.94,6.61,0.0,0.5,60.0,255.0
2025-07-19 11:49:59.138591,60.19,59.94,4.96,0.0,1.13,60.0,148.0
2025-07-19 11:50:00.751855,60.13,59.88,7.91,0.0,0.25,60.0,255.0
2025-07-19 11:50:02.366077,60.13,59.81,11.48,0.0,0.44,60.0,255.0
2025-07-19 11:50:03.983454,60.06,59.81,7.65,0.0,0.31,60.0,114.0
2025-07-19 11:50:05.495285,60.0,59.75,3.78,0.25,0.0,60.0,0.0
2025-07-19 11:50:07.010160,60.0,59.69,6.0,0.07,0.0,60.0,255.0
2025-07-19 11:50:08.526030,59.94,59.69,11.22,0.2,0.0,60.0,255.0
2025-07-19 11:50:10.037521,59.88,59.63,4.61,0.77,0.0,60.0,0.0
2025-07-19 11:50:11.552926,59.88,59.63,6.74,0.15,0.0,60.0,255.0
2025-07-19 11:50:13.064476,59.81,59.69,7.83,0.15,0.0,60.0,255.0
2025-07-19 11:50:14.682115,59.81,59.75,10.22,0.0,0.28,60.0,255.0
2025-07-19 11:50:16.295804,59.81,59.81,2.74,0.0,80.8,40.0,0.0
2025-07-19 11:50:17.913746,59.81,59.94,8.65,0.0,81.76,40.0,255.0
2025-07-19 11:50:19.531273,59.81,60.13,10.09,0.0,82.85,40.0,255.0
2025-07-19 11:50:21.145588,59.81,60.25,4.09,0.0,83.19,40.0,0.0
2025-07-19 11:50:22.761293,59.81,60.31,5.78,0.0,83.4,40.0,255.0
2025-07-19 11:50:24.376887,59.75,60.31,9.39,0.0,83.05,40.0,255.0
2025-07-19 11:50:25.990620,59.75,60.31,8.04,0.0,83.77,40.0,255.0
2025-07-19 11:50:27.608600,59.75,60.38,6.09,0.0,84.61,40.0,171.0
2025-07-19 11:50:29.226331,59.75,60.31,7.04,0.0,84.26,40.0,255.0
2025-07-19 11:50:30.840176,59.69,60.25,8.09,0.0,84.09,40.0,255.0
2025-07-19 11:50:32.458105,59.63,60.25,9.39,0.0,84.68,40.0,255.0
2025-07-19 11:50:34.075726,59.56,60.13,7.74,0.0,84.08,40.0,254.0
2025-07-19 11:50:35.689800,59.5,60.13,5.43,0.0,84.97,40.0,125.0
2025-07-19 11:50:37.307463,59.5,60.0,4.91,0.0,84.8,40.0,219.0
2025-07-19 11:50:38.920819,59.38,59.94,6.43,0.0,84.51,40.0,255.0
2025-07-19 11:50:40.538707,59.25,59.88,8.91,0.0,84.53,40.0,255.0
2025-07-19 11:50:42.156848,59.19,59.75,7.87,0.0,84.54,40.0,255.0
2025-07-19 11:50:43.772873,59.13,59.69,8.91,0.0,84.99,40.0,255.0
2025-07-19 11:50:45.388638,59.0,59.56,9.78,0.0,84.25,40.0,255.0
2025-07-19 11:50:47.006273,58.94,59.5,8.74,0.0,85.01,40.0,255.0
2025-07-19 11:50:48.619782,58.88,59.44,9.83,0.0,85.14,40.0,255.0
2025-07-19 11:50:50.237896,58.81,59.31,5.7,0.0,84.84,40.0,20.0
2025-07-19 11:50:51.851883,58.75,59.25,4.52,0.0,85.28,40.0,161.0
2025-07-19 11:50:53.469719,58.69,59.19,5.78,0.0,85.41,40.0,255.0
2025-07-19 11:50:55.087422,58.56,59.06,8.48,0.0,84.66,40.0,255.0
2025-07-19 11:50:56.700981,58.44,58.94,8.17,0.0,84.53,40.0,255.0
2025-07-19 11:50:58.318919,58.38,58.88,7.78,0.0,85.28,40.0,255.0
2025-07-19 11:50:59.932951,58.25,58.75,7.09,0.0,84.53,40.0,255.0
2025-07-19 11:51:01.550649,58.19,58.69,6.61,0.0,85.27,40.0,255.0
2025-07-19 11:51:03.168494,58.13,58.56,7.39,0.0,84.95,40.0,255.0
2025-07-19 11:51:04.788302,58.06,58.5,8.17,0.0,85.38,40.0,255.0
2025-07-19 11:51:06.399810,57.94,58.44,5.09,0.0,85.05,40.0,63.0
2025-07-19 11:51:08.013447,57.88,58.31,6.09,0.0,85.04,40.0,255.0
2025-07-19 11:51:09.631591,57.75,58.25,5.48,0.0,85.03,40.0,234.0
2025-07-19 11:51:11.245454,57.69,58.13,6.65,0.0,85.01,40.0,255.0
2025-07-19 11:51:12.863192,57.56,58.06,6.17,0.0,84.99,40.0,255.0
2025-07-19 11:51:14.481102,57.5,58.0,11.48,0.0,85.41,40.0,255.0
2025-07-19 11:51:16.098912,57.38,57.94,9.13,0.0,85.07,40.0,255.0
2025-07-19 11:51:17.712816,57.31,57.81,9.22,0.0,85.05,40.0,255.0
2025-07-19 11:51:19.330458,57.25,57.75,7.3,0.0,85.46,40.0,221.0
2025-07-19 11:51:20.948372,57.19,57.63,7.7,0.0,85.12,40.0,255.0
2025-07-19 11:51:22.561892,57.06,57.56,6.0,0.0,85.09,40.0,185.0
2025-07-19 11:51:24.179912,57.0,57.44,6.13,0.0,85.06,40.0,255.0
2025-07-19 11:51:25.799744,56.88,57.31,6.91,0.0,84.59,40.0,255.0
2025-07-19 11:51:27.407082,56.81,57.25,3.7,0.0,85.31,40.0,0.0
2025-07-19 11:51:29.025354,56.69,57.19,7.09,0.0,84.96,40.0,255.0
2025-07-19 11:51:30.639028,56.63,57.13,9.65,0.0,85.36,40.0,255.0
2025-07-19 11:51:32.252719,56.5,57.0,4.13,0.0,84.57,40.0,0.0
2025-07-19 11:51:33.870570,56.44,56.94,8.04,0.0,85.28,40.0,255.0
2025-07-19 11:51:35.488453,56.38,56.88,10.3,0.0,85.36,40.0,255.0
2025-07-19 11:51:37.106266,56.25,56.75,10.3,0.0,84.57,40.0,255.0
2025-07-19 11:51:38.724114,56.19,56.69,7.39,0.0,85.27,40.0,161.0
2025-07-19 11:51:40.337726,56.13,56.63,8.7,0.0,85.35,40.0,255.0
2025-07-19 11:51:41.955733,56.06,56.5,8.39,0.0,84.99,40.0,255.0
2025-07-19 11:51:43.573488,55.94,56.44,7.17,0.0,84.93,40.0,255.0
2025-07-19 11:51:45.187489,55.81,56.31,9.96,0.0,84.44,40.0,255.0
2025-07-19 11:51:46.801232,55.75,56.25,5.65,0.0,85.14,40.0,7.0
2025-07-19 11:51:48.418999,55.69,56.19,7.17,0.0,85.21,40.0,255.0
2025-07-19 11:51:50.032488,55.56,56.06,5.61,0.0,84.4,40.0,179.0
2025-07-19 11:51:51.650521,55.5,56.0,8.61,0.0,85.09,40.0,255.0
2025-07-19 11:51:53.264380,55.38,55.94,4.39,0.0,84.71,40.0,0.0
2025-07-19 11:51:54.878101,55.31,55.88,5.65,0.0,85.09,40.0,255.0
2025-07-19 11:51:56.495880,55.25,55.75,5.22,0.0,84.71,40.0,235.0
2025-07-19 11:51:58.113313,55.19,55.69,4.0,0.0,85.08,40.0,138.0
2025-07-19 11:51:59.727777,55.06,55.63,5.96,0.0,84.7,40.0,255.0
2025-07-19 11:52:01.344976,55.0,55.56,8.83,0.0,85.07,40.0,255.0
2025-07-19 11:52:02.959305,54.88,55.44,6.7,0.0,84.25,40.0,184.0
2025-07-19 11:52:04.579015,54.81,55.38,6.57,0.0,84.92,40.0,255.0
2025-07-19 11:52:06.194637,54.75,55.31,5.91,0.0,84.98,40.0,248.0
2025-07-19 11:52:07.808528,54.63,55.25,6.17,0.0,84.59,40.0,255.0
2025-07-19 11:52:09.425911,54.56,55.13,4.78,0.0,84.51,40.0,157.0
2025-07-19 11:52:11.040116,54.5,55.06,4.74,0.0,84.87,40.0,241.0
2025-07-19 11:52:12.657878,54.44,54.94,7.83,0.0,84.47,40.0,255.0
2025-07-19 11:52:14.275729,54.31,54.88,8.35,0.0,84.39,40.0,255.0
2025-07-19 11:52:15.889255,54.25,54.81,4.43,0.0,84.74,40.0,0.0
2025-07-19 11:52:17.503077,54.19,54.69,6.83,0.0,84.34,40.0,255.0
2025-07-19 11:52:19.121239,54.13,54.63,9.39,0.0,84.69,40.0,255.0
2025-07-19 11:52:20.735120,54.06,54.56,7.48,0.0,84.73,40.0,227.0
2025-07-19 11:52:22.352637,54.0,54.5,4.48,0.0,84.77,40.0,45.0
2025-07-19 11:52:23.966540,53.94,54.38,7.78,0.0,84.36,40.0,255.0
2025-07-19 11:52:25.583564,53.81,54.31,4.35,0.0,84.27,40.0,12.0
2025-07-19 11:52:27.197981,53.69,54.25,4.04,0.0,84.17,40.0,198.0
2025-07-19 11:52:28.811839,53.63,54.13,5.83,0.0,84.07,40.0,255.0
2025-07-19 11:52:30.429766,53.56,54.06,6.61,0.0,84.41,40.0,255.0
2025-07-19 11:52:32.043511,53.44,54.0,3.96,0.0,84.0,40.0,46.0
2025-07-19 11:52:33.661169,53.38,53.88,4.17,0.0,83.9,40.0,236.0
2025-07-19 11:52:35.275046,53.31,53.88,6.7,0.0,84.67,40.0,255.0
2025-07-19 11:52:36.892939,53.25,53.75,5.04,0.0,83.94,40.0,151.0
2025-07-19 11:52:38.506384,53.19,53.69,4.0,0.0,84.27,40.0,150.0
2025-07-19 11:52:40.124600,53.06,53.63,6.0,0.0,83.85,40.0,255.0
2025-07-19 11:52:41.742257,53.0,53.56,6.0,0.0,84.18,40.0,255.0
2025-07-19 11:52:43.356072,52.88,53.44,7.35,0.0,83.32,40.0,255.0
2025-07-19 11:52:44.973950,52.81,53.38,7.87,0.0,83.95,40.0,255.0
2025-07-19 11:52:46.595898,52.75,53.31,8.74,0.0,83.96,40.0,255.0
2025-07-19 11:52:48.205518,52.69,53.25,9.61,0.0,83.97,40.0,255.0
2025-07-19 11:52:49.823359,52.63,53.13,11.22,0.0,83.54,40.0,255.0
2025-07-19 11:52:51.441206,52.56,53.06,10.87,0.0,83.86,40.0,255.0
2025-07-19 11:52:53.059106,52.5,53.0,8.83,0.0,83.87,40.0,255.0
2025-07-19 11:52:54.672990,52.44,52.88,3.91,0.0,83.43,40.0,0.0
2025-07-19 11:52:56.286250,52.38,52.81,7.26,0.0,83.75,40.0,255.0
2025-07-19 11:52:57.904354,52.31,52.75,8.83,0.0,83.75,40.0,255.0
2025-07-19 11:52:59.522194,52.25,52.69,5.87,0.0,83.75,40.0,101.0
2025-07-19 11:53:01.136056,52.19,52.63,6.87,0.0,83.74,40.0,255.0
2025-07-19 11:53:02.753804,52.06,52.56,4.91,0.0,83.3,40.0,128.0
2025-07-19 11:53:04.367501,52.0,52.5,3.09,0.0,83.61,40.0,67.0
2025-07-19 11:53:05.985302,51.88,52.44,6.7,0.0,83.17,40.0,255.0
2025-07-19 11:53:07.601916,51.75,52.31,7.96,0.0,82.59,40.0,255.0
2025-07-19 11:53:09.217061,51.69,52.25,7.91,0.0,83.21,40.0,255.0
2025-07-19 11:53:10.842680,51.63,52.19,5.74,0.0,83.2,40.0,145.0
2025-07-19 11:53:12.448775,51.63,52.06,5.48,0.0,83.18,40.0,255.0
2025-07-19 11:53:14.066427,51.5,52.0,5.74,0.0,82.73,40.0,255.0
2025-07-19 11:53:15.680238,51.44,51.94,6.7,0.0,83.03,40.0,255.0
2025-07-19 11:53:17.298226,51.38,51.88,9.57,0.0,83.01,40.0,255.0
2025-07-19 11:53:18.911908,51.31,51.75,7.04,0.0,82.55,40.0,173.0
2025-07-19 11:53:20.529665,51.25,51.69,4.13,0.0,82.84,40.0,37.0
2025-07-19 11:53:22.143454,51.19,51.63,7.04,0.0,82.82,40.0,255.0
2025-07-19 11:53:23.757313,51.06,51.56,4.09,0.0,82.36,40.0,32.0
2025-07-19 11:53:25.374626,51.0,51.5,5.52,0.0,82.65,40.0,255.0
2025-07-19 11:53:26.993028,50.94,51.38,5.96,0.0,82.18,40.0,255.0
2025-07-19 11:53:28.606932,50.88,51.31,8.13,0.0,82.47,40.0,255.0
2025-07-19 11:53:30.224472,50.81,51.25,8.0,0.0,82.44,40.0,255.0
2025-07-19 11:53:31.843123,50.75,51.19,3.0,0.0,82.41,40.0,0.0
2025-07-19 11:53:33.452226,50.69,51.13,7.48,0.0,82.38,40.0,255.0
2025-07-19 11:53:35.069851,50.63,51.06,6.61,0.0,82.34,40.0,255.0
2025-07-19 11:53:36.683597,50.56,51.0,3.17,0.0,82.31,40.0,0.0
2025-07-19 11:53:38.297104,50.5,50.94,6.61,0.0,82.27,40.0,255.0
2025-07-19 11:53:39.915149,50.44,50.81,6.04,0.0,81.8,40.0,255.0
2025-07-19 11:53:41.529066,50.38,50.75,9.91,0.0,82.07,40.0,255.0
2025-07-19 11:53:43.142716,50.31,50.69,5.52,0.0,82.03,40.0,0.0
2025-07-19 11:53:44.760472,50.25,50.63,6.26,0.0,81.99,40.0,255.0
2025-07-19 11:53:46.374471,50.19,50.63,8.09,0.0,82.39,40.0,255.0
2025-07-19 11:53:47.992124,50.13,50.5,5.74,0.0,81.59,40.0,133.0
2025-07-19 11:53:49.610086,50.06,50.44,6.22,0.0,81.86,40.0,255.0
2025-07-19 11:53:51.223734,50.0,50.38,6.0,0.0,81.81,40.0,255.0
2025-07-19 11:53:52.847296,49.88,50.31,2.78,0.0,81.33,40.0,0.0
2025-07-19 11:53:54.450842,49.81,50.25,4.7,0.0,81.59,40.0,255.0
2025-07-19 11:53:56.069072,49.75,50.13,5.35,0.0,81.1,40.0,255.0
2025-07-19 11:53:57.686963,49.69,50.06,6.83,0.0,81.36,40.0,255.0
2025-07-19 11:53:59.300640,49.63,50.06,7.26,0.0,81.75,40.0,255.0
2025-07-19 11:54:00.918104,49.56,50.0,6.13,0.0,81.38,40.0,226.0
2025-07-19 11:54:02.535915,49.5,49.88,7.87,0.0,80.89,40.0,255.0
2025-07-19 11:54:04.150134,49.44,49.81,4.91,0.0,81.14,40.0,64.0
2025-07-19 11:54:05.763864,49.38,49.75,6.83,0.0,81.08,40.0,255.0
2025-07-19 11:54:07.381728,49.31,49.69,7.74,0.0,81.02,40.0,255.0
2025-07-19 11:54:08.999575,49.19,49.63,7.39,0.0,80.52,40.0,255.0
2025-07-19 11:54:10.613437,49.13,49.56,4.83,0.0,80.77,40.0,86.0
2025-07-19 11:54:12.227064,49.06,49.5,5.0,0.0,80.71,40.0,255.0
2025-07-19 11:54:13.851614,49.0,49.44,5.04,0.0,80.64,40.0,255.0
2025-07-19 11:54:15.462796,48.94,49.38,8.65,0.0,80.58,40.0,255.0
2025-07-19 11:54:17.080628,48.88,49.31,10.78,0.0,80.51,40.0,255.0
2025-07-19 11:54:18.694306,48.81,49.25,9.17,0.0,80.44,40.0,255.0
2025-07-19 11:54:20.308108,48.75,49.19,3.78,0.0,80.37,40.0,0.0
2025-07-19 11:54:21.922011,48.69,49.06,2.61,0.0,79.86,40.0,90.0
2025-07-19 11:54:23.539660,48.69,49.06,4.26,0.0,80.97,40.0,255.0
2025-07-19 11:54:25.153126,48.56,49.0,7.09,0.0,79.84,40.0,255.0
2025-07-19 11:54:26.771259,48.5,48.88,6.35,0.0,79.64,40.0,255.0
2025-07-19 11:54:28.388983,48.44,48.81,9.17,0.0,79.87,40.0,255.0
2025-07-19 11:54:30.006941,48.38,48.75,10.0,0.0,79.79,40.0,255.0
2025-07-19 11:54:31.620474,48.31,48.69,6.17,0.0,79.71,40.0,57.0
2025-07-19 11:54:33.234228,48.25,48.63,4.39,0.0,79.63,40.0,119.0
2025-07-19 11:54:34.866628,48.19,48.56,5.78,0.0,79.55,40.0,255.0
2025-07-19 11:54:36.470269,48.13,48.5,4.35,0.0,79.46,40.0,138.0
2025-07-19 11:54:38.083586,48.0,48.44,4.17,0.0,78.94,40.0,212.0
2025-07-19 11:54:39.701726,47.94,48.38,6.22,0.0,79.17,40.0,255.0
2025-07-19 11:54:41.315147,47.88,48.31,6.04,0.0,79.08,40.0,255.0
2025-07-19 11:54:42.933518,47.81,48.25,5.83,0.0,78.99,40.0,255.0
2025-07-19 11:54:44.551133,47.75,48.19,8.04,0.0,78.9,40.0,255.0
2025-07-19 11:54:46.165035,47.69,48.13,8.61,0.0,78.81,40.0,255.0
2025-07-19 11:54:47.782807,47.63,48.06,8.57,0.0,78.71,40.0,255.0
2025-07-19 11:54:49.396361,47.63,48.0,4.35,0.0,79.06,40.0,0.0
2025-07-19 11:54:51.010338,47.56,47.94,5.61,0.0,78.65,40.0,255.0
2025-07-19 11:54:52.630248,47.5,47.88,5.48,0.0,78.55,40.0,255.0
2025-07-19 11:54:54.242043,47.44,47.81,5.39,0.0,78.46,40.0,255.0
2025-07-19 11:54:55.859709,47.38,47.75,7.91,0.0,78.36,40.0,255.0
2025-07-19 11:54:57.477545,47.31,47.69,8.61,0.0,78.26,40.0,255.0
2025-07-19 11:54:59.091555,47.25,47.63,5.7,0.0,78.16,40.0,97.0
2025-07-19 11:55:00.709130,47.25,47.56,5.43,0.0,78.49,40.0,255.0
2025-07-19 11:55:02.322899,47.13,47.5,8.04,0.0,77.64,40.0,255.0
2025-07-19 11:55:03.940819,47.06,47.44,7.61,0.0,77.85,40.0,255.0
2025-07-19 11:55:05.554207,47.0,47.38,5.04,0.0,77.74,40.0,95.0
2025-07-19 11:55:07.172197,46.94,47.31,8.09,0.0,77.63,40.0,255.0
2025-07-19 11:55:08.786552,46.88,47.25,5.35,0.0,77.52,40.0,95.0
2025-07-19 11:55:10.399642,46.81,47.19,4.61,0.0,77.41,40.0,193.0
2025-07-19 11:55:12.017676,46.75,47.13,5.7,0.0,77.3,40.0,255.0
2025-07-19 11:55:13.635911,46.69,47.06,9.13,0.0,77.19,40.0,255.0
2025-07-19 11:55:15.249503,46.63,47.06,9.48,0.0,77.51,40.0,255.0
2025-07-19 11:55:16.867386,46.56,47.0,7.26,0.0,77.09,40.0,199.0
2025-07-19 11:55:18.484944,46.5,46.94,5.0,0.0,76.97,40.0,111.0
2025-07-19 11:55:20.098779,46.5,46.81,5.87,0.0,76.85,40.0,255.0
2025-07-19 11:55:21.716259,46.38,46.81,4.48,0.0,76.74,40.0,146.0
2025-07-19 11:55:23.330547,46.31,46.75,5.04,0.0,76.62,40.0,255.0
2025-07-19 11:55:24.948276,46.25,46.69,6.43,0.0,76.5,40.0,255.0
2025-07-19 11:55:26.562235,46.19,46.63,6.39,0.0,76.37,40.0,255.0
2025-07-19 11:55:28.179706,46.13,46.56,7.57,0.0,76.25,40.0,255.0
2025-07-19 11:55:29.797628,46.13,46.5,8.43,0.0,76.57,40.0,255.0
2025-07-19 11:55:31.418066,46.06,46.44,8.96,0.0,76.13,40.0,255.0
2025-07-19 11:55:33.028997,46.06,46.38,6.3,0.0,76.44,40.0,136.0
2025-07-19 11:55:34.647028,46.0,46.31,4.43,0.0,76.0,40.0,115.0
2025-07-19 11:55:36.261111,45.94,46.25,6.43,0.0,75.87,40.0,255.0
2025-07-19 11:55:37.878645,45.81,46.19,7.7,0.0,75.3,40.0,255.0
2025-07-19 11:55:39.496482,45.75,46.13,9.09,0.0,75.49,40.0,255.0
2025-07-19 11:55:41.114441,45.69,46.06,10.22,0.0,75.35,40.0,255.0
2025-07-19 11:55:42.728130,45.69,46.0,7.61,0.0,75.66,40.0,188.0
2025-07-19 11:55:44.341889,45.63,45.94,4.22,0.0,75.21,40.0,9.0
2025-07-19 11:55:45.959853,45.56,45.88,6.04,0.0,75.08,40.0,255.0
2025-07-19 11:55:47.577493,45.5,45.81,10.17,0.0,74.94,40.0,255.0
2025-07-19 11:55:49.197523,45.44,45.75,7.13,0.0,74.8,40.0,142.0
2025-07-19 11:55:50.809226,45.38,45.75,5.04,0.0,75.1,40.0,124.0
2025-07-19 11:55:52.426984,45.31,45.69,6.48,0.0,74.65,40.0,255.0
2025-07-19 11:55:54.040853,45.25,45.63,6.96,0.0,74.51,40.0,255.0
2025-07-19 11:55:55.658552,45.19,45.56,5.0,0.0,74.36,40.0,131.0
2025-07-19 11:55:57.272039,45.13,45.5,8.26,0.0,74.22,40.0,255.0
2025-07-19 11:55:58.890414,45.06,45.5,4.83,0.0,74.51,40.0,31.0
2025-07-19 11:56:00.503945,45.0,45.44,8.17,0.0,74.05,40.0,255.0
2025-07-19 11:56:02.121804,44.94,45.38,8.43,0.0,73.91,40.0,255.0
2025-07-19 11:56:03.735561,44.94,45.31,4.61,0.0,74.2,40.0,0.0
2025-07-19 11:56:05.349342,44.88,45.25,4.7,0.0,73.74,40.0,249.0
2025-07-19 11:56:06.966998,44.81,45.19,7.78,0.0,73.59,40.0,255.0
2025-07-19 11:56:08.584924,44.81,45.13,6.43,0.0,73.87,40.0,224.0
2025-07-19 11:56:10.200869,44.75,45.06,6.3,0.0,73.41,40.0,255.0
2025-07-19 11:56:11.816613,44.69,45.0,8.13,0.0,73.26,40.0,255.0
2025-07-19 11:56:13.434407,44.63,44.94,9.22,0.0,73.1,40.0,255.0
2025-07-19 11:56:15.048163,44.56,44.88,5.22,0.0,72.95,40.0,9.0
2025-07-19 11:56:16.661966,44.56,44.88,3.48,0.0,73.66,40.0,87.0
2025-07-19 11:56:18.275690,44.5,44.81,8.35,0.0,72.88,40.0,255.0
2025-07-19 11:56:19.893559,44.44,44.81,6.7,0.0,73.16,40.0,215.0
2025-07-19 11:56:21.507042,44.38,44.69,7.43,0.0,72.25,40.0,255.0
2025-07-19 11:56:23.125301,44.31,44.63,9.13,0.0,72.41,40.0,255.0
2025-07-19 11:56:24.743007,44.31,44.63,10.57,0.0,73.12,40.0,255.0
2025-07-19 11:56:26.360969,44.25,44.56,8.57,0.0,72.33,40.0,255.0
2025-07-19 11:56:27.974366,44.19,44.5,5.3,0.0,72.17,40.0,60.0
2025-07-19 11:56:29.592660,44.13,44.44,7.26,0.0,72.01,40.0,255.0
2025-07-19 11:56:31.209516,44.13,44.38,6.0,0.0,72.28,40.0,212.0
2025-07-19 11:56:32.824343,44.06,44.31,8.78,0.0,71.8,40.0,255.0
2025-07-19 11:56:34.442042,44.0,44.31,6.48,0.0,72.07,40.0,165.0
2025-07-19 11:56:36.055825,43.94,44.25,7.57,0.0,71.59,40.0,255.0
2025-07-19 11:56:37.673414,43.88,44.19,4.96,0.0,71.42,40.0,88.0
2025-07-19 11:56:39.287254,43.81,44.13,6.39,0.0,71.25,40.0,255.0
2025-07-19 11:56:40.905243,43.75,44.06,8.04,0.0,71.08,40.0,255.0
2025-07-19 11:56:42.519037,43.69,44.0,5.13,0.0,70.9,40.0,76.0
2025-07-19 11:56:44.136623,43.69,44.0,6.26,0.0,71.61,40.0,255.0
2025-07-19 11:56:45.750413,43.63,43.94,8.04,0.0,70.81,40.0,255.0
2025-07-19 11:56:47.368321,43.56,43.88,10.22,0.0,70.63,40.0,255.0
2025-07-19 11:56:48.985944,43.5,43.81,7.78,0.0,70.45,40.0,206.0
2025-07-19 11:56:50.604001,43.5,43.81,5.96,0.0,71.15,40.0,175.0
2025-07-19 11:56:52.225035,43.44,43.75,5.61,0.0,70.35,40.0,255.0
2025-07-19 11:56:53.835699,43.38,43.69,6.26,0.0,70.17,40.0,255.0
2025-07-19 11:56:55.449332,43.31,43.63,5.43,0.0,69.99,40.0,219.0
2025-07-19 11:56:57.067140,43.25,43.56,6.83,0.0,69.81,40.0,255.0
2025-07-19 11:56:58.685126,43.19,43.5,7.91,0.0,69.62,40.0,255.0
2025-07-19 11:57:00.298459,43.19,43.44,6.39,0.0,69.88,40.0,211.0
2025-07-19 11:57:01.916624,43.13,43.44,5.61,0.0,69.82,40.0,229.0
2025-07-19 11:57:03.534451,43.06,43.38,7.0,0.0,69.32,40.0,255.0
2025-07-19 11:57:05.148199,43.0,43.31,9.74,0.0,69.13,40.0,255.0
2025-07-19 11:57:06.766047,43.0,43.25,7.78,0.0,69.38,40.0,236.0
2025-07-19 11:57:08.379520,42.94,43.19,4.17,0.0,68.88,40.0,0.0
2025-07-19 11:57:09.999810,42.88,43.19,6.74,0.0,69.13,40.0,255.0
2025-07-19 11:57:11.611390,42.88,43.13,7.26,0.0,69.07,40.0,255.0
2025-07-19 11:57:13.228778,42.81,43.06,9.43,0.0,68.56,40.0,255.0
2025-07-19 11:57:14.842586,42.75,43.0,10.39,0.0,68.37,40.0,255.0
2025-07-19 11:57:16.460872,42.75,43.0,7.91,0.0,69.05,40.0,208.0
2025-07-19 11:57:18.078876,42.69,42.94,5.7,0.0,68.23,40.0,141.0
2025-07-19 11:57:19.692560,42.63,42.88,5.48,0.0,68.04,40.0,255.0
2025-07-19 11:57:21.310278,42.56,42.81,7.74,0.0,67.84,40.0,255.0
2025-07-19 11:57:22.928113,42.5,42.81,5.83,0.0,68.08,40.0,165.0
2025-07-19 11:57:24.542029,42.44,42.75,7.74,0.0,67.57,40.0,255.0
2025-07-19 11:57:26.159548,42.38,42.69,7.78,0.0,67.37,40.0,255.0
2025-07-19 11:57:27.777313,42.38,42.63,7.22,0.0,67.61,40.0,255.0
2025-07-19 11:57:29.391335,42.31,42.56,8.09,0.0,67.1,40.0,255.0
2025-07-19 11:57:31.012513,42.31,42.56,8.65,0.0,67.77,40.0,255.0
2025-07-19 11:57:32.623184,42.25,42.5,6.0,0.0,66.94,40.0,125.0
2025-07-19 11:57:34.240860,42.19,42.44,4.52,0.0,66.74,40.0,142.0
2025-07-19 11:57:35.858590,42.19,42.44,6.48,0.0,67.41,40.0,255.0
2025-07-19 11:57:37.472626,42.06,42.38,8.87,0.0,66.14,40.0,255.0
2025-07-19 11:57:39.090376,42.06,42.31,6.48,0.0,66.69,40.0,159.0
2025-07-19 11:57:40.708195,42.0,42.25,5.35,0.0,66.17,40.0,196.0
2025-07-19 11:57:42.321656,41.94,42.25,6.83,0.0,66.39,40.0,255.0
2025-07-19 11:57:43.939667,41.88,42.19,8.48,0.0,65.87,40.0,255.0
2025-07-19 11:57:45.557534,41.88,42.13,8.78,0.0,66.1,40.0,255.0
2025-07-19 11:57:47.171142,41.81,42.06,6.17,0.0,65.58,40.0,133.0
2025-07-19 11:57:48.789911,41.81,42.06,4.87,0.0,66.24,40.0,166.0
2025-07-19 11:57:50.403131,41.75,42.0,6.22,0.0,65.4,40.0,255.0
2025-07-19 11:57:52.020846,41.69,41.94,9.17,0.0,65.19,40.0,255.0
2025-07-19 11:57:53.638582,41.63,41.94,9.0,0.0,65.41,40.0,255.0
2025-07-19 11:57:55.252354,41.63,41.88,8.57,0.0,65.32,40.0,255.0
2025-07-19 11:57:56.869798,41.56,41.81,7.35,0.0,64.79,40.0,255.0
2025-07-19 11:57:58.488161,41.56,41.75,8.09,0.0,65.01,40.0,255.0
2025-07-19 11:58:00.105844,41.5,41.69,10.3,0.0,64.48,40.0,255.0
2025-07-19 11:58:01.719612,41.44,41.69,6.3,0.0,64.7,40.0,51.0
2025-07-19 11:58:03.337006,41.44,41.63,7.13,0.0,64.61,40.0,255.0
2025-07-19 11:58:04.951173,41.38,41.63,6.09,0.0,64.51,40.0,230.0
2025-07-19 11:58:06.578163,41.31,41.56,8.57,0.0,63.98,40.0,255.0
2025-07-19 11:58:08.186854,41.31,41.5,6.91,0.0,64.19,40.0,222.0
2025-07-19 11:58:09.800701,41.25,41.44,9.74,0.0,63.66,40.0,255.0
2025-07-19 11:58:11.418524,41.19,41.44,7.7,0.0,63.87,40.0,227.0
2025-07-19 11:58:13.032380,41.19,41.38,5.83,0.0,63.77,40.0,168.0
2025-07-19 11:58:14.650111,41.13,41.31,5.57,0.0,63.24,40.0,255.0
2025-07-19 11:58:16.267949,41.06,41.31,9.26,0.0,63.45,40.0,255.0
2025-07-19 11:58:17.885860,41.0,41.25,9.48,0.0,62.91,40.0,255.0
2025-07-19 11:58:19.499597,41.0,41.19,9.91,0.0,63.12,40.0,255.0
2025-07-19 11:58:21.116984,40.94,41.19,7.57,0.0,63.01,40.0,203.0
2025-07-19 11:58:22.730879,40.94,41.13,4.91,0.0,62.91,40.0,83.0
2025-07-19 11:58:24.349702,40.88,41.06,6.17,0.0,62.36,40.0,255.0
2025-07-19 11:58:25.962511,40.81,41.06,4.22,0.0,62.57,40.0,101.0
2025-07-19 11:58:27.580513,40.81,41.0,3.65,0.0,62.46,40.0,166.0
2025-07-19 11:58:29.194370,40.75,40.94,6.7,0.0,61.92,40.0,255.0
2025-07-19 11:58:30.812427,40.69,40.94,6.39,0.0,62.12,40.0,255.0
2025-07-19 11:58:32.429655,40.63,40.88,7.43,0.0,61.57,40.0,255.0
2025-07-19 11:58:34.043675,40.63,40.81,7.83,0.0,61.78,40.0,255.0
2025-07-19 11:58:35.661619,40.56,40.81,6.57,0.0,61.67,40.0,234.0
2025-07-19 11:58:37.279043,40.56,40.75,8.74,0.0,61.55,40.0,255.0
2025-07-19 11:58:38.892987,40.5,40.69,8.04,0.0,61.0,40.0,255.0
2025-07-19 11:58:40.506981,40.5,40.69,3.96,0.0,61.64,40.0,0.0
2025-07-19 11:58:42.124445,40.44,40.63,6.96,0.0,60.78,40.0,255.0
2025-07-19 11:58:43.738817,40.44,40.56,5.78,0.0,60.97,40.0,210.0
2025-07-19 11:58:45.356343,40.38,40.56,6.52,0.0,60.86,40.0,255.0
2025-07-19 11:58:46.970134,40.31,40.5,6.17,0.0,60.3,40.0,255.0
2025-07-19 11:58:48.588099,40.31,40.5,10.26,0.0,60.94,40.0,255.0
2025-07-19 11:58:50.205885,40.25,40.44,8.61,0.0,60.07,40.0,255.0
2025-07-19 11:58:51.823711,40.25,40.38,10.65,0.0,60.26,40.0,255.0
2025-07-19 11:58:53.441213,40.19,40.38,9.22,0.0,60.14,40.0,255.0
2025-07-19 11:58:55.055352,40.19,40.31,5.17,0.0,60.02,40.0,6.0
2025-07-19 11:58:56.678037,40.13,40.31,5.74,0.0,59.9,40.0,255.0
2025-07-19 11:58:58.286883,40.13,40.25,9.7,0.0,59.78,40.0,255.0
2025-07-19 11:58:59.904956,40.06,40.25,10.52,0.0,59.66,40.0,255.0
2025-07-19 11:59:01.518135,40.0,40.19,4.7,0.0,59.1,40.0,0.0
2025-07-19 11:59:03.132272,40.0,40.13,4.48,0.0,59.29,40.0,221.0
2025-07-19 11:59:04.750297,39.94,40.13,3.96,0.0,59.16,40.0,182.0
2025-07-19 11:59:06.367626,39.94,40.06,8.09,0.0,59.04,40.0,255.0
2025-07-19 11:59:07.981446,39.88,40.06,7.48,0.0,58.91,40.0,255.0
2025-07-19 11:59:09.599540,39.81,40.0,6.04,0.0,58.35,40.0,203.0
2025-07-19 11:59:11.234824,39.81,40.0,4.3,0.0,58.97,40.0,119.0
2025-07-19 11:59:12.831130,39.75,39.94,8.09,0.0,58.09,40.0,255.0
2025-07-19 11:59:14.444864,39.69,39.88,4.96,0.0,57.84,40.0,55.0
2025-07-19 11:59:16.062731,39.69,39.88,9.3,0.0,58.46,40.0,255.0
2025-07-19 11:59:17.676590,39.63,39.81,5.57,0.0,57.58,40.0,39.0
2025-07-19 11:59:19.294302,39.63,39.75,6.57,0.0,57.76,40.0,255.0
2025-07-19 11:59:20.912258,39.56,39.75,7.0,0.0,57.63,40.0,255.0
2025-07-19 11:59:22.525860,39.56,39.69,9.0,0.0,57.49,40.0,255.0
2025-07-19 11:59:24.143768,39.5,39.63,6.96,0.0,56.92,40.0,199.0
2025-07-19 11:59:25.770497,39.44,39.63,6.74,0.0,57.1,40.0,255.0
2025-07-19 11:59:27.375440,39.44,39.56,6.13,0.0,56.97,40.0,255.0
2025-07-19 11:59:28.993379,39.38,39.56,6.35,0.0,56.83,40.0,255.0
2025-07-19 11:59:30.610768,39.38,39.5,10.57,0.0,56.69,40.0,255.0
2025-07-19 11:59:32.224701,39.31,39.5,3.87,0.0,56.56,40.0,0.0
2025-07-19 11:59:33.838549,39.31,39.44,4.61,0.0,56.42,40.0,255.0
2025-07-19 11:59:35.456636,39.25,39.44,10.3,0.0,56.28,40.0,255.0
2025-07-19 11:59:37.069893,39.25,39.38,3.74,0.0,56.14,40.0,0.0
2025-07-19 11:59:38.688226,39.19,39.38,10.91,0.0,56.0,40.0,255.0
2025-07-19 11:59:40.320773,39.19,39.31,6.83,0.0,55.86,40.0,66.0
2025-07-19 11:59:41.919616,39.13,39.25,4.87,0.0,55.29,40.0,127.0
2025-07-19 11:59:43.533492,39.13,39.25,7.0,0.0,55.89,40.0,255.0
2025-07-19 11:59:45.151360,39.06,39.19,5.87,0.0,55.0,40.0,216.0
2025-07-19 11:59:46.769018,39.0,39.19,6.74,0.0,55.17,40.0,255.0
2025-07-19 11:59:48.382770,38.94,39.13,4.04,0.0,54.59,40.0,48.0
2025-07-19 11:59:50.000738,38.94,39.06,9.26,0.0,54.76,40.0,255.0
2025-07-19 11:59:51.614220,38.88,39.06,11.09,0.0,54.61,40.0,255.0
2025-07-19 11:59:53.232197,38.88,39.0,5.52,0.0,54.46,40.0,0.0
2025-07-19 11:59:54.857039,38.81,39.0,6.57,0.0,54.32,40.0,255.0
2025-07-19 11:59:56.463998,38.81,38.94,10.04,0.0,54.17,40.0,255.0
2025-07-19 11:59:58.081634,38.81,38.94,8.52,0.0,54.46,40.0,255.0
2025-07-19 11:59:59.695496,38.75,38.88,2.91,0.0,53.56,40.0,0.0
2025-07-19 12:00:01.308869,38.75,38.88,10.17,0.0,54.16,40.0,255.0
2025-07-19 12:00:02.927060,38.69,38.81,7.3,0.0,53.26,40.0,160.0
2025-07-19 12:00:04.544920,38.69,38.81,5.65,0.0,53.86,40.0,174.0
2025-07-19 12:00:06.158396,38.63,38.75,7.17,0.0,52.96,40.0,255.0
2025-07-19 12:00:07.776248,38.63,38.75,8.13,0.0,53.56,40.0,255.0
2025-07-19 12:00:09.401475,38.56,38.69,8.96,0.0,52.66,40.0,255.0
2025-07-19 12:00:11.008049,38.56,38.63,5.0,0.0,52.82,40.0,4.0
2025-07-19 12:00:12.622268,38.5,38.63,7.09,0.0,52.66,40.0,255.0
2025-07-19 12:00:14.239846,38.44,38.63,5.52,0.0,52.51,40.0,175.0
2025-07-19 12:00:15.853199,38.44,38.56,8.17,0.0,52.35,40.0,255.0
2025-07-19 12:00:17.471281,38.44,38.5,8.26,0.0,52.2,40.0,255.0
2025-07-19 12:00:19.085073,38.38,38.5,3.74,0.0,52.04,40.0,0.0
2025-07-19 12:00:20.698427,38.38,38.44,9.96,0.0,51.89,40.0,255.0
2025-07-19 12:00:22.316783,38.31,38.44,6.87,0.0,51.73,40.0,129.0
2025-07-19 12:00:23.930348,38.31,38.38,3.96,0.0,51.57,40.0,30.0
2025-07-19 12:00:25.548177,38.25,38.38,7.83,0.0,51.41,40.0,255.0
2025-07-19 12:00:27.166116,38.19,38.31,9.91,0.0,50.81,40.0,255.0
2025-07-19 12:00:28.780018,38.19,38.31,6.83,0.0,51.4,40.0,128.0
2025-07-19 12:00:30.398141,38.13,38.25,4.04,0.0,50.49,40.0,43.0
2025-07-19 12:00:32.011566,38.13,38.25,7.26,0.0,51.08,40.0,255.0
2025-07-19 12:00:33.625283,38.06,38.19,3.74,0.0,50.17,40.0,0.0
2025-07-19 12:00:35.238856,38.06,38.13,6.91,0.0,50.32,40.0,255.0
2025-07-19 12:00:36.856822,38.0,38.13,9.96,0.0,50.15,40.0,255.0
2025-07-19 12:00:38.492533,38.0,38.06,7.17,0.0,49.99,40.0,161.0
2025-07-19 12:00:40.088463,37.94,38.06,8.7,0.0,49.82,40.0,255.0
2025-07-19 12:00:41.705849,37.94,38.0,6.3,0.0,49.66,40.0,152.0
2025-07-19 12:00:43.324019,37.88,38.0,7.3,0.0,49.49,40.0,255.0
2025-07-19 12:00:44.937524,37.88,37.94,5.57,0.0,49.33,40.0,165.0
2025-07-19 12:00:46.555690,37.81,37.94,8.39,0.0,49.16,40.0,255.0
2025-07-19 12:00:48.173706,37.81,37.88,10.52,0.0,48.99,40.0,255.0
2025-07-19 12:00:49.787440,37.75,37.88,2.7,0.0,48.82,40.0,0.0
2025-07-19 12:00:51.405076,37.75,37.81,10.17,0.0,48.65,40.0,255.0
2025-07-19 12:00:53.024896,37.75,37.81,5.65,0.0,48.92,40.0,0.0
2025-07-19 12:00:54.632772,37.69,37.81,5.83,0.0,48.44,40.0,255.0
2025-07-19 12:00:56.250681,37.69,37.75,7.39,0.0,48.27,40.0,255.0
2025-07-19 12:00:57.868310,37.63,37.75,7.87,0.0,48.1,40.0,255.0
2025-07-19 12:00:59.482157,37.63,37.69,6.91,0.0,47.92,40.0,255.0
2025-07-19 12:01:01.099597,37.63,37.69,9.26,0.0,48.19,40.0,255.0
2025-07-19 12:01:02.713547,37.56,37.63,8.57,0.0,47.27,40.0,255.0
2025-07-19 12:01:04.331634,37.56,37.63,7.04,0.0,47.84,40.0,236.0
2025-07-19 12:01:05.945077,37.5,37.56,2.87,0.0,46.92,40.0,0.0
2025-07-19 12:01:07.559131,37.5,37.56,6.57,0.0,47.49,40.0,255.0
2025-07-19 12:01:09.176505,37.44,37.56,5.7,0.0,47.01,40.0,226.0
2025-07-19 12:01:10.797465,37.44,37.5,11.04,0.0,46.83,40.0,255.0
2025-07-19 12:01:12.408588,37.38,37.44,6.39,0.0,46.22,40.0,13.0
2025-07-19 12:01:14.026287,37.38,37.44,4.09,0.0,46.79,40.0,74.0
2025-07-19 12:01:15.640012,37.38,37.38,7.78,0.0,46.3,40.0,255.0
2025-07-19 12:01:17.257951,37.31,37.38,6.17,0.0,46.12,40.0,197.0
2025-07-19 12:01:18.871729,37.25,37.31,6.35,0.0,45.51,40.0,255.0
2025-07-19 12:01:20.489662,37.25,37.31,7.0,0.0,46.08,40.0,255.0
2025-07-19 12:01:22.103215,37.19,37.31,5.83,0.0,45.58,40.0,212.0
2025-07-19 12:01:23.721145,37.19,37.25,8.57,0.0,45.4,40.0,255.0
2025-07-19 12:01:25.338541,37.19,37.25,10.17,0.0,45.66,40.0,255.0
2025-07-19 12:01:26.956832,37.13,37.19,12.04,0.0,44.73,40.0,255.0
2025-07-19 12:01:28.574638,37.13,37.19,9.78,0.0,45.3,40.0,255.0
2025-07-19 12:01:30.188615,37.13,37.13,4.57,0.0,44.8,40.0,0.0
2025-07-19 12:01:31.806459,37.06,37.13,11.17,0.0,44.62,40.0,255.0
2025-07-19 12:01:33.424054,37.06,37.06,9.13,0.0,44.43,40.0,255.0
2025-07-19 12:01:35.037766,37.06,37.06,5.78,0.0,44.69,40.0,73.0
2025-07-19 12:01:36.651289,37.0,37.06,7.65,0.0,44.19,40.0,255.0
2025-07-19 12:01:38.269433,36.94,37.0,4.35,0.0,43.57,40.0,21.0
2025-07-19 12:01:39.882976,36.94,37.0,9.39,0.0,44.13,40.0,255.0
2025-07-19 12:01:41.497127,36.94,36.94,5.04,0.0,43.63,40.0,0.0
2025-07-19 12:01:43.118951,36.88,36.94,8.65,0.0,43.45,40.0,255.0
2025-07-19 12:01:44.728551,36.88,36.88,7.04,0.0,43.26,40.0,230.0
2025-07-19 12:01:46.346479,36.81,36.88,4.43,0.0,43.07,40.0,68.0
2025-07-19 12:01:47.960245,36.81,36.88,8.22,0.0,43.32,40.0,255.0
2025-07-19 12:01:49.577979,36.81,36.81,7.13,0.0,42.82,40.0,255.0
2025-07-19 12:01:51.195913,36.75,36.81,9.09,0.0,42.63,40.0,255.0
2025-07-19 12:01:52.809599,36.69,36.75,9.09,0.0,42.0,40.0,255.0
2025-07-19 12:01:54.427040,36.69,36.75,8.17,0.0,42.56,40.0,255.0
2025-07-19 12:01:56.041362,36.69,36.69,2.61,0.0,42.06,40.0,0.0
2025-07-19 12:01:57.654590,36.63,36.69,9.96,0.0,41.87,40.0,255.0
2025-07-19 12:01:59.272761,36.63,36.63,6.87,0.0,41.67,40.0,129.0
2025-07-19 12:02:00.886547,36.63,36.63,4.74,0.0,41.92,40.0,110.0
2025-07-19 12:02:02.504560,36.56,36.56,7.35,0.0,40.97,40.0,255.0
2025-07-19 12:02:04.122214,36.56,36.56,8.65,0.0,41.53,40.0,255.0
2025-07-19 12:02:05.735949,36.5,36.56,6.09,0.0,41.02,40.0,133.0
2025-07-19 12:02:07.353400,36.5,36.5,4.7,0.0,40.83,40.0,155.0
2025-07-19 12:02:08.967458,36.44,36.5,6.09,0.0,40.63,40.0,255.0
2025-07-19 12:02:10.585477,36.44,36.5,6.3,0.0,40.87,40.0,255.0
2025-07-19 12:02:12.203263,36.38,36.44,8.91,0.0,39.93,40.0,255.0
2025-07-19 12:02:13.816983,36.38,36.44,2.39,0.0,40.48,40.0,0.0
2025-07-19 12:02:15.437854,36.38,36.38,9.91,0.0,39.97,40.0,255.0
2025-07-19 12:02:17.048569,36.31,36.38,6.57,0.0,39.77,40.0,102.0
2025-07-19 12:02:18.662411,36.31,36.31,9.7,0.0,39.57,40.0,255.0
2025-07-19 12:02:20.280187,36.31,36.31,8.22,0.0,39.81,40.0,255.0
2025-07-19 12:02:21.898105,36.25,36.25,6.83,0.0,38.86,40.0,236.0
2025-07-19 12:02:23.515460,36.25,36.25,10.7,0.0,39.41,40.0,255.0
2025-07-19 12:02:25.129567,36.19,36.25,4.61,0.0,38.9,40.0,0.0
2025-07-19 12:02:26.743649,36.19,36.19,6.78,0.0,38.7,40.0,255.0
2025-07-19 12:02:28.361197,36.19,36.19,8.65,0.0,38.93,40.0,255.0
2025-07-19 12:02:29.975030,36.13,36.13,6.17,0.0,37.98,40.0,142.0
2025-07-19 12:02:31.592960,36.13,36.13,6.65,0.0,38.53,40.0,255.0
2025-07-19 12:02:33.210653,36.13,36.13,9.0,0.0,38.45,40.0,255.0
2025-07-19 12:02:34.824418,36.06,36.06,5.48,0.0,37.5,40.0,50.0
2025-07-19 12:02:36.437990,36.06,36.06,8.0,0.0,38.04,40.0,255.0
2025-07-19 12:02:38.056216,36.0,36.0,7.39,0.0,37.09,40.0,255.0
2025-07-19 12:02:39.669844,36.0,36.0,4.7,0.0,37.63,40.0,73.0
2025-07-19 12:02:41.287770,36.0,36.0,9.57,0.0,37.55,40.0,255.0
2025-07-19 12:02:42.905480,35.94,35.94,7.65,0.0,36.6,40.0,234.0
2025-07-19 12:02:44.518860,35.94,35.94,6.78,0.0,37.14,40.0,255.0
2025-07-19 12:02:46.137067,35.94,35.94,5.17,0.0,37.06,40.0,159.0
2025-07-19 12:02:47.754862,35.88,35.88,8.7,0.0,36.1,40.0,255.0
2025-07-19 12:02:49.368629,35.88,35.88,8.78,0.0,36.65,40.0,255.0
2025-07-19 12:02:50.986558,35.81,35.88,7.83,0.0,36.13,40.0,255.0
2025-07-19 12:02:52.600323,35.81,35.88,6.48,0.0,36.35,40.0,225.0
2025-07-19 12:02:54.218100,35.81,35.81,6.52,0.0,35.83,40.0,255.0
2025-07-19 12:02:55.832163,35.81,35.81,4.3,0.0,36.06,40.0,88.0
2025-07-19 12:02:57.449785,35.75,35.75,8.09,0.0,35.1,40.0,255.0
2025-07-19 12:02:59.063708,35.75,35.75,5.57,0.0,35.64,40.0,117.0
2025-07-19 12:03:00.681287,35.75,35.75,5.09,0.0,35.56,40.0,227.0
2025-07-19 12:03:02.299027,35.69,35.69,5.39,0.0,34.6,40.0,255.0
2025-07-19 12:03:03.912875,35.69,35.69,6.91,0.0,35.13,40.0,255.0
2025-07-19 12:03:05.530889,35.63,35.63,6.65,0.0,34.17,40.0,255.0
2025-07-19 12:03:07.144671,35.63,35.63,7.87,0.0,34.71,40.0,255.0
2025-07-19 12:03:08.762418,35.63,35.63,6.65,0.0,34.62,40.0,240.0
2025-07-19 12:03:10.380243,35.63,35.63,8.3,0.0,34.53,40.0,255.0
2025-07-19 12:03:11.993775,35.56,35.56,9.0,0.0,33.57,40.0,255.0
2025-07-19 12:03:13.616451,35.56,35.56,5.17,0.0,34.11,40.0,18.0
2025-07-19 12:03:15.225835,35.56,35.56,8.39,0.0,34.02,40.0,255.0
2025-07-19 12:03:16.843713,35.5,35.5,8.04,0.0,33.05,40.0,255.0
2025-07-19 12:03:18.457402,35.5,35.5,7.96,0.0,33.59,40.0,255.0
2025-07-19 12:03:20.075320,35.5,35.5,7.17,0.0,33.5,40.0,255.0
2025-07-19 12:03:21.692851,35.5,35.44,8.39,0.0,32.97,40.0,255.0
2025-07-19 12:03:23.306597,35.44,35.44,5.43,0.0,32.75,40.0,85.0
2025-07-19 12:03:24.920374,35.44,35.38,3.78,0.0,32.54,40.0,104.0
2025-07-19 12:03:26.538271,35.44,35.38,6.17,0.0,32.76,40.0,255.0
2025-07-19 12:03:28.155995,35.38,35.38,9.91,0.0,32.23,40.0,255.0
2025-07-19 12:03:29.769442,35.38,35.38,6.57,0.0,32.45,40.0,102.0
2025-07-19 12:03:31.402135,35.31,35.31,5.61,0.0,31.48,40.0,217.0
2025-07-19 12:03:33.005615,35.31,35.31,8.09,0.0,32.01,40.0,255.0
2025-07-19 12:03:34.619024,35.31,35.31,9.96,0.0,31.92,40.0,255.0
2025-07-19 12:03:36.237143,35.25,35.25,6.17,0.0,30.95,40.0,60.0
2025-07-19 12:03:37.854795,35.25,35.25,10.0,0.0,31.48,40.0,255.0
2025-07-19 12:03:39.472719,35.25,35.25,11.04,0.0,31.38,40.0,255.0
2025-07-19 12:03:41.086446,35.25,35.19,9.48,0.0,30.85,40.0,255.0
2025-07-19 12:03:42.704093,35.19,35.19,7.0,0.0,30.63,40.0,174.0
2025-07-19 12:03:44.322262,35.19,35.19,5.96,0.0,30.84,40.0,225.0
2025-07-19 12:03:45.961667,35.19,35.13,9.35,0.0,30.31,40.0,255.0
2025-07-19 12:03:47.553993,35.13,35.13,6.96,0.0,30.09,40.0,178.0
2025-07-19 12:03:49.167218,35.13,35.13,4.96,0.0,30.3,40.0,127.0
2025-07-19 12:03:50.785468,35.13,35.06,5.87,0.0,29.77,40.0,255.0
2025-07-19 12:03:52.403243,35.06,35.06,9.7,0.0,29.54,40.0,255.0
2025-07-19 12:03:54.021114,35.06,35.06,11.43,0.0,29.76,40.0,255.0
2025-07-19 12:03:55.639109,35.06,35.06,11.04,0.0,29.66,40.0,255.0
2025-07-19 12:03:57.256489,35.06,35.0,10.0,0.0,29.12,40.0,255.0
2025-07-19 12:03:58.874775,35.06,35.0,9.26,0.0,29.33,40.0,255.0
2025-07-19 12:04:00.488327,35.0,35.0,5.96,0.0,28.8,40.0,82.0
2025-07-19 12:04:02.106243,35.0,34.94,5.3,0.0,28.57,40.0,225.0
2025-07-19 12:04:03.720065,35.0,34.94,8.57,0.0,28.78,40.0,255.0
2025-07-19 12:04:05.333884,34.94,34.94,4.22,0.0,28.24,40.0,0.0
2025-07-19 12:04:06.951632,34.94,34.88,7.35,0.0,28.02,40.0,255.0
2025-07-19 12:04:08.565367,34.94,34.88,9.91,0.0,28.23,40.0,255.0
2025-07-19 12:04:10.183409,34.94,34.88,10.57,0.0,28.13,40.0,255.0
2025-07-19 12:04:11.801268,34.88,34.88,7.78,0.0,27.59,40.0,184.0
2025-07-19 12:04:13.419002,34.88,34.81,6.35,0.0,27.36,40.0,215.0
2025-07-19 12:04:15.032581,34.88,34.81,7.52,0.0,27.57,40.0,255.0
2025-07-19 12:04:16.650458,34.81,34.81,7.48,0.0,27.03,40.0,255.0
2025-07-19 12:04:18.268296,34.81,34.75,8.74,0.0,26.8,40.0,255.0
2025-07-19 12:04:19.881798,34.81,34.75,8.22,0.0,27.0,40.0,255.0
2025-07-19 12:04:21.499931,34.81,34.75,8.0,0.0,26.9,40.0,255.0
2025-07-19 12:04:23.117901,34.81,34.75,10.09,0.0,26.8,40.0,255.0
2025-07-19 12:04:24.735157,34.75,34.69,9.87,0.0,25.81,40.0,255.0
2025-07-19 12:04:26.352066,34.75,34.69,8.04,0.0,26.33,40.0,254.0
2025-07-19 12:04:27.967529,34.75,34.69,7.09,0.0,26.23,40.0,255.0
2025-07-19 12:04:29.584740,34.75,34.69,8.7,0.0,26.12,40.0,255.0
2025-07-19 12:04:31.199027,34.69,34.63,10.26,0.0,25.14,40.0,255.0
2025-07-19 12:04:32.816717,34.69,34.63,6.22,0.0,25.66,40.0,45.0
2025-07-19 12:04:34.430348,34.69,34.63,4.57,0.0,25.55,40.0,133.0
2025-07-19 12:04:36.048277,34.69,34.63,7.78,0.0,25.44,40.0,255.0
2025-07-19 12:04:37.665852,34.63,34.56,6.52,0.0,24.46,40.0,233.0
2025-07-19 12:04:39.279970,34.63,34.56,5.7,0.0,24.98,40.0,229.0
2025-07-19 12:04:40.897411,34.63,34.56,7.04,0.0,24.87,40.0,255.0
2025-07-19 12:04:42.511622,34.63,34.56,6.78,0.0,24.76,40.0,255.0
2025-07-19 12:04:44.125132,34.56,34.56,2.0,0.0,24.22,40.0,0.0
2025-07-19 12:04:45.739111,34.56,34.56,3.52,0.0,24.42,40.0,255.0
2025-07-19 12:04:47.356796,34.56,34.5,2.91,0.0,23.87,40.0,134.0
2025-07-19 12:04:48.974673,34.56,34.5,4.52,0.0,24.08,40.0,255.0
2025-07-19 12:04:50.588374,34.56,34.5,8.22,0.0,23.97,40.0,255.0
2025-07-19 12:04:52.205862,34.5,34.44,9.74,0.0,22.98,40.0,255.0
2025-07-19 12:04:53.820185,34.5,34.44,7.17,0.0,23.5,40.0,174.0
2025-07-19 12:04:55.446542,34.5,34.44,5.22,0.0,23.39,40.0,138.0
2025-07-19 12:04:57.055726,34.5,34.44,6.83,0.0,23.27,40.0,255.0
2025-07-19 12:04:58.669508,34.5,34.44,6.96,0.0,23.16,40.0,255.0
2025-07-19 12:05:00.287303,34.44,34.44,10.65,0.0,22.61,40.0,255.0
2025-07-19 12:05:01.905384,34.44,34.38,8.65,0.0,22.38,40.0,255.0
2025-07-19 12:05:03.523016,34.44,34.38,8.87,0.0,22.58,40.0,255.0
2025-07-19 12:05:05.137054,34.44,34.38,8.35,0.0,22.47,40.0,255.0
2025-07-19 12:05:06.750261,34.38,34.38,2.43,0.0,42.02,35.0,0.0
2025-07-19 12:05:08.368308,34.38,34.31,8.57,0.0,41.88,35.0,255.0
2025-07-19 12:05:09.982121,34.38,34.31,4.48,0.0,42.18,35.0,0.0
2025-07-19 12:05:11.600061,34.31,34.31,7.96,0.0,41.73,35.0,255.0
2025-07-19 12:05:13.213716,34.31,34.25,4.65,0.0,41.59,35.0,32.0
2025-07-19 12:05:14.827401,34.31,34.25,8.35,0.0,41.89,35.0,255.0
2025-07-19 12:05:16.440896,34.25,34.25,3.91,0.0,41.43,35.0,0.0
2025-07-19 12:05:18.059171,34.25,34.19,7.91,0.0,41.29,35.0,255.0
2025-07-19 12:05:19.676864,34.19,34.19,5.91,0.0,41.15,35.0,162.0
2025-07-19 12:05:21.290959,34.19,34.19,7.65,0.0,41.45,35.0,255.0
2025-07-19 12:05:22.908559,34.19,34.13,7.0,0.0,40.99,35.0,255.0
2025-07-19 12:05:24.522329,34.13,34.13,6.35,0.0,40.85,35.0,255.0
2025-07-19 12:05:26.140096,34.13,34.13,7.7,0.0,41.15,35.0,255.0
2025-07-19 12:05:27.754006,34.13,34.13,4.26,0.0,41.13,35.0,8.0
2025-07-19 12:05:29.371700,34.06,34.13,9.0,0.0,40.67,35.0,255.0
2025-07-19 12:05:30.985516,34.06,34.06,8.26,0.0,40.53,35.0,255.0
2025-07-19 12:05:32.603176,34.06,34.06,7.09,0.0,40.82,35.0,255.0
2025-07-19 12:05:34.217204,34.06,34.0,6.43,0.0,40.37,35.0,255.0
2025-07-19 12:05:35.841666,34.0,34.0,8.7,0.0,40.22,35.0,255.0
2025-07-19 12:05:37.448678,34.0,34.0,7.09,0.0,40.51,35.0,233.0
2025-07-19 12:05:39.066490,34.0,33.94,6.3,0.0,40.05,35.0,254.0
2025-07-19 12:05:40.684301,33.94,33.94,8.04,0.0,39.91,35.0,255.0
2025-07-19 12:05:42.297771,33.94,33.94,8.96,0.0,40.2,35.0,255.0
2025-07-19 12:05:43.912058,33.94,33.88,4.43,0.0,39.74,35.0,0.0
2025-07-19 12:05:45.529383,33.88,33.88,5.22,0.0,39.59,35.0,255.0
2025-07-19 12:05:47.143371,33.88,33.88,5.35,0.0,39.88,35.0,255.0
2025-07-19 12:05:48.761130,33.81,33.88,5.48,0.0,39.42,35.0,255.0
2025-07-19 12:05:50.383439,33.81,33.81,7.65,0.0,39.27,35.0,255.0
2025-07-19 12:05:51.993010,33.81,33.81,7.48,0.0,39.56,35.0,255.0
2025-07-19 12:05:53.610728,33.75,33.81,8.74,0.0,39.1,35.0,255.0
2025-07-19 12:05:55.224582,33.75,33.81,7.04,0.0,39.39,35.0,225.0
2025-07-19 12:05:56.841961,33.75,33.75,5.57,0.0,38.93,35.0,183.0
2025-07-19 12:05:58.460053,33.75,33.75,5.22,0.0,39.21,35.0,241.0
2025-07-19 12:06:00.073928,33.69,33.75,6.35,0.0,38.75,35.0,255.0
2025-07-19 12:06:01.691351,33.69,33.69,5.09,0.0,38.6,35.0,178.0
2025-07-19 12:06:03.309537,33.63,33.69,5.04,0.0,38.45,35.0,254.0
2025-07-19 12:06:04.922913,33.63,33.69,7.7,0.0,38.73,35.0,255.0
2025-07-19 12:06:06.537192,33.56,33.69,2.65,0.0,38.27,35.0,0.0
2025-07-19 12:06:08.155076,33.56,33.63,5.43,0.0,38.11,35.0,255.0
2025-07-19 12:06:09.768838,33.5,33.63,7.0,0.0,37.96,35.0,255.0
2025-07-19 12:06:11.386526,33.44,33.63,6.0,0.0,37.81,35.0,230.0
2025-07-19 12:06:12.999953,33.44,33.63,2.04,0.0,38.09,35.0,0.0
2025-07-19 12:06:14.614115,33.38,33.56,6.13,0.0,37.18,35.0,255.0
2025-07-19 12:06:16.231575,33.38,33.56,9.91,0.0,37.78,35.0,255.0
2025-07-19 12:06:17.849896,33.38,33.5,7.57,0.0,37.31,35.0,203.0
2025-07-19 12:06:19.476034,33.38,33.5,5.13,0.0,37.59,35.0,106.0
2025-07-19 12:06:21.081305,33.38,33.5,5.96,0.0,37.56,35.0,255.0
2025-07-19 12:06:22.695209,33.38,33.44,7.78,0.0,37.09,35.0,255.0
2025-07-19 12:06:24.312940,33.38,33.44,4.52,0.0,37.37,35.0,30.0
2025-07-19 12:06:25.926736,33.38,33.44,8.74,0.0,37.34,35.0,255.0
2025-07-19 12:06:27.544516,33.31,33.38,5.91,0.0,36.43,35.0,111.0
2025-07-19 12:06:29.158425,33.31,33.38,6.61,0.0,37.02,35.0,255.0
2025-07-19 12:06:30.776188,33.31,33.38,6.35,0.0,36.99,35.0,255.0
2025-07-19 12:06:32.393941,33.31,33.31,7.7,0.0,36.52,35.0,255.0
2025-07-19 12:06:34.007704,33.25,33.31,5.87,0.0,36.36,35.0,171.0
2025-07-19 12:06:35.625290,33.25,33.31,4.74,0.0,36.64,35.0,173.0
2025-07-19 12:06:37.243322,33.25,33.25,7.17,0.0,36.16,35.0,255.0
2025-07-19 12:06:38.857326,33.25,33.25,5.74,0.0,36.44,35.0,192.0
2025-07-19 12:06:40.474602,33.19,33.25,5.96,0.0,35.97,35.0,255.0
2025-07-19 12:06:42.089335,33.19,33.25,7.91,0.0,36.25,35.0,255.0
2025-07-19 12:06:43.706237,33.19,33.19,6.83,0.0,35.77,35.0,255.0
2025-07-19 12:06:45.324209,33.19,33.19,7.17,0.0,36.05,35.0,255.0
2025-07-19 12:06:46.938434,33.13,33.19,9.3,0.0,35.57,35.0,255.0
2025-07-19 12:06:48.555817,33.13,33.19,6.3,0.0,35.85,35.0,115.0
2025-07-19 12:06:50.173782,33.13,33.13,4.52,0.0,35.37,35.0,124.0
2025-07-19 12:06:51.787881,33.13,33.13,5.3,0.0,35.65,35.0,255.0
2025-07-19 12:06:53.408495,33.06,33.13,7.39,0.0,35.17,35.0,255.0
2025-07-19 12:06:55.023327,33.06,33.13,10.0,0.0,35.45,35.0,255.0
2025-07-19 12:06:56.637141,33.06,33.06,5.26,0.0,34.97,35.0,0.0
2025-07-19 12:06:58.250867,33.0,33.06,5.13,0.0,34.81,35.0,252.0
2025-07-19 12:06:59.868873,33.0,33.0,5.65,0.0,34.64,35.0,255.0
2025-07-19 12:07:01.482688,33.0,33.0,6.09,0.0,34.92,35.0,255.0
2025-07-19 12:07:03.100390,33.0,33.0,6.26,0.0,34.88,35.0,255.0
2025-07-19 12:07:04.714125,32.94,33.0,4.22,0.0,34.4,35.0,96.0
2025-07-19 12:07:06.331875,32.94,32.94,5.48,0.0,34.23,35.0,255.0
2025-07-19 12:07:07.952532,32.94,32.94,8.39,0.0,34.5,35.0,255.0
2025-07-19 12:07:09.563690,32.94,32.94,9.09,0.0,34.46,35.0,255.0
2025-07-19 12:07:11.181355,32.88,32.88,9.35,0.0,33.54,35.0,255.0
2025-07-19 12:07:12.795227,32.88,32.88,8.96,0.0,34.13,35.0,255.0
2025-07-19 12:07:14.412979,32.88,32.88,7.57,0.0,34.08,35.0,255.0
2025-07-19 12:07:16.026879,32.88,32.88,4.52,0.0,34.04,35.0,44.0
2025-07-19 12:07:17.644718,32.88,32.81,6.57,0.0,33.56,35.0,255.0
2025-07-19 12:07:19.261998,32.81,32.81,6.57,0.0,33.39,35.0,255.0
2025-07-19 12:07:20.876233,32.81,32.81,7.39,0.0,33.66,35.0,255.0
2025-07-19 12:07:22.513201,32.81,32.81,9.3,0.0,33.62,35.0,255.0
2025-07-19 12:07:24.107694,32.81,32.75,5.96,0.0,33.13,35.0,80.0
2025-07-19 12:07:25.725223,32.75,32.75,5.83,0.0,32.96,35.0,255.0
2025-07-19 12:07:27.339510,32.75,32.75,8.17,0.0,33.23,35.0,255.0
2025-07-19 12:07:28.956985,32.75,32.75,4.96,0.0,33.19,35.0,49.0
2025-07-19 12:07:30.570871,32.69,32.69,7.43,0.0,32.27,35.0,255.0
2025-07-19 12:07:32.188687,32.69,32.69,5.65,0.0,32.84,35.0,166.0
2025-07-19 12:07:33.802394,32.69,32.69,7.39,0.0,32.8,35.0,255.0
2025-07-19 12:07:35.420326,32.69,32.69,4.96,0.0,32.75,35.0,99.0
2025-07-19 12:07:37.033782,32.63,32.63,8.13,0.0,31.83,35.0,255.0
2025-07-19 12:07:38.651818,32.63,32.63,6.17,0.0,32.41,35.0,175.0
2025-07-19 12:07:40.269795,32.63,32.63,7.78,0.0,32.36,35.0,255.0
2025-07-19 12:07:41.883674,32.56,32.56,5.83,0.0,31.44,35.0,161.0
2025-07-19 12:07:43.501405,32.56,32.56,5.65,0.0,32.01,35.0,255.0
2025-07-19 12:07:45.115159,32.56,32.56,6.13,0.0,31.96,35.0,255.0
2025-07-19 12:07:46.733158,32.56,32.56,6.39,0.0,31.91,35.0,255.0
2025-07-19 12:07:48.358130,32.56,32.56,6.52,0.0,31.87,35.0,255.0
2025-07-19 12:07:49.968649,32.5,32.5,10.52,0.0,30.94,35.0,255.0
2025-07-19 12:07:51.582648,32.5,32.5,6.7,0.0,31.52,35.0,77.0
2025-07-19 12:07:53.200286,32.5,32.5,8.35,0.0,31.47,35.0,255.0
2025-07-19 12:07:54.814276,32.5,32.5,5.35,0.0,31.42,35.0,78.0
2025-07-19 12:07:56.427768,32.5,32.44,7.04,0.0,30.93,35.0,255.0
2025-07-19 12:07:58.045747,32.44,32.44,7.09,0.0,30.75,35.0,255.0
2025-07-19 12:07:59.663087,32.44,32.44,10.39,0.0,31.01,35.0,255.0
2025-07-19 12:08:01.277175,32.44,32.38,3.39,0.0,30.52,35.0,0.0
2025-07-19 12:08:02.895168,32.38,32.38,10.65,0.0,30.35,35.0,255.0
2025-07-19 12:08:04.508927,32.38,32.38,3.52,0.0,30.61,35.0,0.0
2025-07-19 12:08:06.122340,32.38,32.38,9.17,0.0,30.55,35.0,255.0
2025-07-19 12:08:07.740442,32.38,32.38,8.48,0.0,30.5,35.0,255.0
2025-07-19 12:08:09.358150,32.38,32.38,5.65,0.0,30.45,35.0,101.0
2025-07-19 12:08:10.972152,32.31,32.31,5.3,0.0,29.52,35.0,244.0
2025-07-19 12:08:12.589878,32.31,32.31,6.57,0.0,30.09,35.0,255.0
2025-07-19 12:08:14.208033,32.31,32.31,6.7,0.0,30.04,35.0,255.0
2025-07-19 12:08:15.821535,32.31,32.25,8.65,0.0,29.55,35.0,255.0
2025-07-19 12:08:17.439390,32.25,32.25,6.52,0.0,29.37,35.0,178.0
2025-07-19 12:08:19.053311,32.25,32.25,5.74,0.0,29.62,35.0,234.0
2025-07-19 12:08:20.671141,32.25,32.25,7.0,0.0,29.57,35.0,255.0
2025-07-19 12:08:22.288819,32.25,32.25,9.09,0.0,29.51,35.0,255.0
2025-07-19 12:08:23.902520,32.25,32.19,7.13,0.0,29.02,35.0,212.0
2025-07-19 12:08:25.520121,32.19,32.19,7.13,0.0,28.84,35.0,255.0
2025-07-19 12:08:27.138130,32.19,32.19,5.91,0.0,29.09,35.0,212.0
2025-07-19 12:08:28.752215,32.19,32.13,6.3,0.0,28.6,35.0,255.0
2025-07-19 12:08:30.369762,32.19,32.13,7.22,0.0,28.86,35.0,255.0
2025-07-19 12:08:31.983592,32.13,32.13,7.91,0.0,28.36,35.0,255.0
2025-07-19 12:08:33.601490,32.13,32.13,7.13,0.0,28.62,35.0,255.0
2025-07-19 12:08:35.219348,32.13,32.06,4.91,0.0,28.12,35.0,111.0
2025-07-19 12:08:36.832779,32.13,32.06,5.74,0.0,28.37,35.0,255.0
2025-07-19 12:08:38.451069,32.06,32.06,5.43,0.0,27.88,35.0,252.0
2025-07-19 12:08:40.068734,32.06,32.06,7.96,0.0,28.13,35.0,255.0
2025-07-19 12:08:41.682113,32.06,32.06,8.0,0.0,28.07,35.0,255.0
2025-07-19 12:08:43.300407,32.06,32.0,5.26,0.0,27.58,35.0,91.0
2025-07-19 12:08:44.913703,32.06,32.0,7.78,0.0,27.83,35.0,255.0
2025-07-19 12:08:46.527557,32.0,32.0,4.78,0.0,27.33,35.0,57.0
2025-07-19 12:08:48.145624,32.0,32.0,8.57,0.0,27.58,35.0,255.0
2025-07-19 12:08:49.763534,32.0,31.94,8.26,0.0,27.09,35.0,255.0
2025-07-19 12:08:51.379232,32.0,31.94,5.52,0.0,27.34,35.0,101.0
2025-07-19 12:08:52.995421,31.94,31.94,7.35,0.0,26.84,35.0,255.0
2025-07-19 12:08:54.609073,31.94,31.94,6.17,0.0,27.09,35.0,225.0
2025-07-19 12:08:56.226742,31.94,31.87,5.91,0.0,26.59,35.0,255.0
2025-07-19 12:08:57.844662,31.94,31.87,6.35,0.0,26.84,35.0,255.0
2025-07-19 12:08:59.458306,31.94,31.87,6.57,0.0,26.78,35.0,255.0
2025-07-19 12:09:01.076101,31.87,31.87,4.83,0.0,26.28,35.0,137.0
2025-07-19 12:09:02.700946,31.87,31.87,7.13,0.0,26.53,35.0,255.0
2025-07-19 12:09:04.307692,31.87,31.81,7.96,0.0,26.03,35.0,255.0
2025-07-19 12:09:05.925412,31.87,31.81,8.43,0.0,26.28,35.0,255.0
2025-07-19 12:09:07.539242,31.81,31.81,4.04,0.0,25.78,35.0,0.0
2025-07-19 12:09:09.153224,31.81,31.81,7.74,0.0,26.03,35.0,255.0
2025-07-19 12:09:10.770969,31.81,31.75,7.91,0.0,25.52,35.0,255.0
2025-07-19 12:09:12.384698,31.81,31.75,6.61,0.0,25.77,35.0,234.0
2025-07-19 12:09:14.002571,31.81,31.75,7.04,0.0,25.71,35.0,255.0
2025-07-19 12:09:15.616266,31.81,31.75,4.7,0.0,25.64,35.0,95.0
2025-07-19 12:09:17.233922,31.75,31.69,4.57,0.0,24.7,35.0,230.0
2025-07-19 12:09:18.848083,31.75,31.69,6.13,0.0,25.26,35.0,255.0
2025-07-19 12:09:20.465778,31.75,31.69,6.83,0.0,25.2,35.0,255.0
2025-07-19 12:09:22.083537,31.69,31.69,6.57,0.0,24.69,35.0,255.0
2025-07-19 12:09:23.697331,31.69,31.69,6.87,0.0,24.94,35.0,255.0
2025-07-19 12:09:25.314695,31.69,31.62,6.83,0.0,24.44,35.0,255.0
2025-07-19 12:09:26.928981,31.69,31.62,4.39,0.0,24.68,35.0,77.0
2025-07-19 12:09:28.546854,31.69,31.62,8.78,0.0,24.61,35.0,255.0
2025-07-19 12:09:30.160633,31.69,31.62,7.61,0.0,24.55,35.0,255.0
2025-07-19 12:09:31.774292,31.69,31.62,3.96,0.0,24.48,35.0,0.0
2025-07-19 12:09:33.392005,31.62,31.56,7.35,0.0,23.54,35.0,255.0
2025-07-19 12:09:35.005892,31.62,31.56,6.96,0.0,24.09,35.0,255.0
2025-07-19 12:09:36.623432,31.62,31.56,7.96,0.0,24.03,35.0,255.0
2025-07-19 12:09:38.241469,31.62,31.56,6.61,0.0,23.96,35.0,230.0
2025-07-19 12:09:39.855392,31.62,31.5,6.52,0.0,23.45,35.0,255.0
2025-07-19 12:09:41.473143,31.56,31.5,8.35,0.0,23.26,35.0,255.0
2025-07-19 12:09:43.086674,31.56,31.5,7.65,0.0,23.5,35.0,255.0
2025-07-19 12:09:44.704809,31.56,31.5,5.17,0.0,23.43,35.0,105.0
2025-07-19 12:09:46.322521,31.56,31.5,6.74,0.0,23.36,35.0,255.0
2025-07-19 12:09:47.942327,31.56,31.44,7.39,0.0,22.85,35.0,255.0
2025-07-19 12:09:49.554309,31.5,31.44,8.09,0.0,22.66,35.0,255.0
2025-07-19 12:09:51.171962,31.5,31.44,8.17,0.0,22.9,35.0,255.0
2025-07-19 12:09:52.785997,31.5,31.44,7.22,0.0,22.83,35.0,255.0
2025-07-19 12:09:54.403693,31.5,31.44,7.74,0.0,22.76,35.0,255.0
2025-07-19 12:09:56.017313,31.44,31.44,4.52,0.0,22.25,35.0,32.0
2025-07-19 12:09:57.635408,31.44,31.37,6.96,0.0,22.05,35.0,255.0
2025-07-19 12:09:59.248769,31.44,31.37,6.09,0.0,22.29,35.0,241.0
2025-07-19 12:10:00.866784,31.44,31.37,6.61,0.0,22.22,35.0,255.0
2025-07-19 12:10:02.480177,31.44,31.37,3.22,0.0,22.15,35.0,0.0
2025-07-19 12:10:04.094262,31.44,31.37,8.26,0.0,22.08,35.0,255.0
2025-07-19 12:10:05.711764,31.37,31.31,7.52,0.0,21.13,35.0,255.0
2025-07-19 12:10:07.325644,31.37,31.31,5.17,0.0,21.68,35.0,113.0
2025-07-19 12:10:08.943769,31.37,31.31,6.78,0.0,21.61,35.0,255.0
2025-07-19 12:10:10.561641,31.37,31.31,7.3,0.0,21.54,35.0,255.0
2025-07-19 12:10:12.175407,31.37,31.31,8.09,0.0,21.46,35.0,255.0
2025-07-19 12:10:13.808919,31.37,31.25,7.57,0.0,20.95,35.0,255.0
2025-07-19 12:10:15.411108,31.31,31.25,5.52,0.0,20.75,35.0,145.0
2025-07-19 12:10:17.024784,31.31,31.25,6.78,0.0,20.99,35.0,255.0
2025-07-19 12:10:18.642866,31.31,31.25,6.91,0.0,20.92,35.0,255.0
2025-07-19 12:10:20.256510,31.31,31.25,8.09,0.0,20.84,35.0,255.0
2025-07-19 12:10:21.874430,31.31,31.19,5.91,0.0,20.33,35.0,151.0
2025-07-19 12:10:23.492215,31.25,31.19,6.96,0.0,20.13,35.0,255.0
2025-07-19 12:10:25.123249,31.25,31.19,5.57,0.0,20.37,35.0,188.0
2025-07-19 12:10:26.723677,31.25,31.19,5.26,0.0,20.29,35.0,245.0
2025-07-19 12:10:28.337418,31.25,31.19,5.04,0.0,20.21,35.0,243.0
2025-07-19 12:10:29.955371,31.19,31.12,6.91,0.0,19.26,35.0,255.0
2025-07-19 12:10:31.572959,31.19,31.12,5.26,0.0,19.81,35.0,160.0
2025-07-19 12:10:33.186979,31.19,31.12,4.83,0.0,19.73,35.0,221.0
2025-07-19 12:10:34.804793,31.19,31.12,6.35,0.0,19.66,35.0,255.0
2025-07-19 12:10:36.431098,31.19,31.12,7.22,0.0,19.58,35.0,255.0
2025-07-19 12:10:38.036308,31.19,31.06,8.0,0.0,19.06,35.0,255.0
2025-07-19 12:10:39.654165,31.12,31.06,5.57,0.0,18.86,35.0,123.0
2025-07-19 12:10:41.267756,31.12,31.06,5.87,0.0,19.1,35.0,255.0
2025-07-19 12:10:42.885892,31.12,31.06,6.35,0.0,19.02,35.0,255.0
2025-07-19 12:10:44.499375,31.12,31.06,8.7,0.0,18.94,35.0,255.0
2025-07-19 12:10:46.117323,31.12,31.06,3.26,0.0,18.86,35.0,0.0
2025-07-19 12:10:47.745909,31.12,31.06,9.35,0.0,18.78,35.0,255.0
2025-07-19 12:10:49.345109,31.06,31.0,3.65,0.0,17.83,35.0,0.0
2025-07-19 12:10:50.958775,31.06,31.0,8.22,0.0,18.37,35.0,255.0
2025-07-19 12:10:52.572470,31.06,31.0,4.13,0.0,18.3,35.0,0.0
2025-07-19 12:10:54.190289,31.06,31.0,8.65,0.0,18.22,35.0,255.0
2025-07-19 12:10:55.807414,31.06,30.94,5.96,0.0,17.7,35.0,120.0
2025-07-19 12:10:57.421854,31.06,30.94,6.87,0.0,17.93,35.0,255.0
2025-07-19 12:10:59.039801,31.06,30.94,5.57,0.0,17.85,35.0,193.0
2025-07-19 12:11:00.653388,31.0,30.94,7.52,0.0,17.33,35.0,255.0
2025-07-19 12:11:02.271306,31.0,30.94,6.48,0.0,17.56,35.0,245.0
2025-07-19 12:11:03.884735,31.0,30.94,6.3,0.0,17.48,35.0,255.0
2025-07-19 12:11:05.503037,31.0,30.87,5.57,0.0,16.97,35.0,229.0
2025-07-19 12:11:07.127816,31.0,30.87,5.43,0.0,17.2,35.0,255.0
2025-07-19 12:11:08.738674,31.0,30.87,10.52,0.0,17.12,35.0,255.0
2025-07-19 12:11:10.352446,30.94,30.87,9.74,0.0,16.6,35.0,255.0
2025-07-19 12:11:11.970383,30.94,30.87,10.17,0.0,16.83,35.0,255.0
2025-07-19 12:11:13.588165,30.94,30.87,9.78,0.0,16.74,35.0,255.0
2025-07-19 12:11:15.201823,30.94,30.81,6.04,0.0,16.22,35.0,58.0
2025-07-19 12:11:16.819843,30.94,30.81,8.0,0.0,16.45,35.0,255.0
2025-07-19 12:11:18.438070,30.94,30.81,6.13,0.0,16.37,35.0,179.0
2025-07-19 12:11:20.051244,30.87,30.81,6.13,0.0,15.85,35.0,255.0
2025-07-19 12:11:21.669281,30.87,30.81,6.43,0.0,16.08,35.0,255.0
2025-07-19 12:11:23.282832,30.87,30.81,7.35,0.0,16.0,35.0,255.0
2025-07-19 12:11:24.900628,30.87,30.81,4.78,0.0,15.91,35.0,85.0
2025-07-19 12:11:26.514051,30.87,30.75,9.22,0.0,15.39,35.0,255.0
2025-07-19 12:11:28.132408,30.87,30.75,8.96,0.0,15.62,35.0,255.0
2025-07-19 12:11:29.745752,30.87,30.75,3.26,0.0,15.54,35.0,0.0
2025-07-19 12:11:31.359763,30.81,30.75,4.87,0.0,15.02,35.0,255.0
2025-07-19 12:11:32.977773,30.81,30.75,6.91,0.0,15.24,35.0,255.0
2025-07-19 12:11:34.591379,30.81,30.75,4.43,0.0,15.16,35.0,77.0
2025-07-19 12:11:36.209090,30.81,30.69,7.96,0.0,14.64,35.0,255.0
2025-07-19 12:11:37.822700,30.81,30.69,7.43,0.0,14.87,35.0,255.0
2025-07-19 12:11:39.440965,30.81,30.69,7.78,0.0,14.78,35.0,255.0
2025-07-19 12:11:41.054238,30.81,30.69,6.26,0.0,14.7,35.0,206.0
2025-07-19 12:11:42.672377,30.75,30.69,7.13,0.0,14.17,35.0,255.0
2025-07-19 12:11:44.313429,30.75,30.69,6.96,0.0,14.4,35.0,255.0
2025-07-19 12:11:45.904085,30.75,30.62,8.83,0.0,13.88,35.0,255.0
2025-07-19 12:11:47.521972,30.75,30.62,6.35,0.0,14.1,35.0,148.0
2025-07-19 12:11:49.139634,30.75,30.62,6.48,0.0,14.02,35.0,255.0
2025-07-19 12:11:50.753473,30.75,30.62,7.26,0.0,13.93,35.0,255.0
2025-07-19 12:11:52.371229,30.69,30.62,5.78,0.0,13.4,35.0,190.0
2025-07-19 12:11:53.985101,30.69,30.62,7.96,0.0,13.63,35.0,255.0
2025-07-19 12:11:55.602900,30.69,30.56,5.13,0.0,13.11,35.0,81.0
2025-07-19 12:11:57.216855,30.69,30.56,7.87,0.0,13.33,35.0,255.0
2025-07-19 12:11:58.834636,30.69,30.56,5.74,0.0,13.24,35.0,147.0
2025-07-19 12:12:00.452258,30.69,30.56,7.0,0.0,13.16,35.0,255.0
2025-07-19 12:12:02.066108,30.62,30.56,5.04,0.0,12.63,35.0,132.0
2025-07-19 12:12:03.683932,30.62,30.56,7.3,0.0,12.85,35.0,255.0
2025-07-19 12:12:05.297716,30.62,30.56,5.74,0.0,12.77,35.0,183.0
2025-07-19 12:12:06.917489,30.62,30.5,8.57,0.0,12.24,35.0,255.0
2025-07-19 12:12:08.529295,30.62,30.5,5.22,0.0,12.46,35.0,51.0
2025-07-19 12:12:10.146951,30.62,30.5,4.43,0.0,12.37,35.0,183.0
2025-07-19 12:12:11.761050,30.62,30.5,7.0,0.0,12.29,35.0,255.0
2025-07-19 12:12:13.378943,30.56,30.5,8.3,0.0,11.76,35.0,255.0
2025-07-19 12:12:14.992041,30.56,30.5,4.65,0.0,11.98,35.0,9.0
2025-07-19 12:12:16.606272,30.56,30.44,6.26,0.0,11.45,35.0,255.0
2025-07-19 12:12:18.231806,30.56,30.44,4.26,0.0,11.68,35.0,100.0
2025-07-19 12:12:19.841875,30.56,30.44,7.78,0.0,11.59,35.0,255.0
2025-07-19 12:12:21.455711,30.56,30.44,8.26,0.0,11.5,35.0,255.0
2025-07-19 12:12:23.073671,30.56,30.44,6.7,0.0,11.41,35.0,220.0
2025-07-19 12:12:24.691243,30.56,30.44,6.0,0.0,11.32,35.0,249.0
2025-07-19 12:12:26.304787,30.5,30.44,8.91,0.0,10.79,35.0,255.0
2025-07-19 12:12:27.918807,30.56,30.44,5.13,0.0,11.45,35.0,20.0
2025-07-19 12:12:29.536217,30.5,30.37,3.22,0.0,10.17,35.0,66.0
2025-07-19 12:12:31.150528,30.5,30.37,7.09,0.0,10.7,35.0,255.0
2025-07-19 12:12:32.767906,30.5,30.37,8.48,0.0,10.61,35.0,255.0
2025-07-19 12:12:34.381933,30.5,30.37,4.35,0.0,10.52,35.0,0.0
2025-07-19 12:12:35.995928,30.5,30.37,9.65,0.0,10.43,35.0,255.0
2025-07-19 12:12:37.609528,30.44,30.37,4.57,0.0,9.9,35.0,0.0
2025-07-19 12:12:39.223208,30.44,30.37,6.48,0.0,10.12,35.0,255.0
2025-07-19 12:12:40.840704,30.44,30.37,3.96,0.0,10.03,35.0,55.0
2025-07-19 12:12:42.454822,30.44,30.31,7.48,0.0,9.5,35.0,255.0
2025-07-19 12:12:44.068780,30.44,30.31,5.91,0.0,9.72,35.0,190.0
2025-07-19 12:12:45.682435,30.44,30.31,7.43,0.0,9.63,35.0,255.0
2025-07-19 12:12:47.296255,30.44,30.31,6.22,0.0,9.53,35.0,224.0
2025-07-19 12:12:48.913800,30.44,30.31,8.61,0.0,9.44,35.0,255.0
2025-07-19 12:12:50.523829,30.44,30.31,4.3,0.0,9.35,35.0,0.0
2025-07-19 12:12:52.137243,30.37,30.25,8.17,0.0,8.38,35.0,255.0
2025-07-19 12:12:53.755161,30.44,30.25,5.65,0.0,9.35,35.0,120.0
2025-07-19 12:12:55.368636,30.37,30.31,7.52,0.0,8.94,35.0,255.0
2025-07-19 12:12:56.982816,30.37,30.25,5.7,0.0,8.41,35.0,165.0
2025-07-19 12:12:58.596177,30.37,30.25,5.65,0.0,8.63,35.0,255.0
2025-07-19 12:13:00.210493,30.37,30.25,6.61,0.0,8.54,35.0,255.0
2025-07-19 12:13:01.823940,30.37,30.25,4.35,0.0,8.44,35.0,87.0
2025-07-19 12:13:03.441704,30.37,30.25,5.87,0.0,8.35,35.0,255.0
2025-07-19 12:13:05.055578,30.37,30.19,8.43,0.0,7.82,35.0,255.0
2025-07-19 12:13:06.686073,30.37,30.19,6.43,0.0,8.04,35.0,183.0
2025-07-19 12:13:08.282962,30.31,30.19,6.83,0.0,7.5,35.0,255.0
2025-07-19 12:13:09.901032,30.31,30.19,6.35,0.0,7.72,35.0,255.0
2025-07-19 12:13:11.514274,30.31,30.19,9.7,0.0,7.63,35.0,255.0
2025-07-19 12:13:13.128445,30.31,30.19,7.57,0.0,7.53,35.0,217.0
2025-07-19 12:13:14.742263,30.31,30.19,6.7,0.0,7.44,35.0,255.0
2025-07-19 12:13:16.360095,30.31,30.12,6.0,0.0,6.9,35.0,249.0
2025-07-19 12:13:17.973462,30.31,30.12,8.35,0.0,7.12,35.0,255.0
2025-07-19 12:13:19.587504,30.25,30.12,6.7,0.0,6.59,35.0,215.0
2025-07-19 12:13:21.201239,30.31,30.12,9.52,0.0,7.24,35.0,255.0
2025-07-19 12:13:22.818748,30.25,30.12,6.87,0.0,6.4,35.0,157.0
2025-07-19 12:13:24.429028,30.25,30.12,3.87,0.0,6.61,35.0,21.0
2025-07-19 12:13:26.046322,30.25,30.12,4.96,0.0,6.52,35.0,255.0
2025-07-19 12:13:27.660383,30.25,30.12,8.61,0.0,6.42,35.0,255.0
2025-07-19 12:13:29.273793,30.25,30.12,5.61,0.0,6.32,35.0,88.0
2025-07-19 12:13:30.888111,30.25,30.06,6.04,0.0,5.79,35.0,255.0
2025-07-19 12:13:32.501829,30.19,30.06,6.22,0.0,5.57,35.0,255.0
2025-07-19 12:13:34.115457,30.25,30.06,9.39,0.0,6.22,35.0,255.0
2025-07-19 12:13:35.729021,30.19,30.06,4.87,0.0,5.37,35.0,0.0
2025-07-19 12:13:37.342622,30.19,30.06,4.43,0.0,5.59,35.0,206.0
2025-07-19 12:13:38.956616,30.19,30.06,7.74,0.0,5.49,35.0,255.0
2025-07-19 12:13:40.570118,30.19,30.06,5.91,0.0,5.39,35.0,174.0
2025-07-19 12:13:42.188330,30.19,30.06,7.09,0.0,5.29,35.0,255.0
2025-07-19 12:13:43.801845,30.19,30.06,5.04,0.0,5.2,35.0,128.0
2025-07-19 12:13:45.415751,30.19,30.06,7.35,0.0,5.1,35.0,255.0
2025-07-19 12:13:47.029544,30.19,30.0,4.35,0.0,4.56,35.0,40.0
2025-07-19 12:13:48.654855,30.12,30.0,7.17,0.0,4.34,35.0,255.0
2025-07-19 12:13:50.257045,30.12,30.0,5.74,0.0,4.55,35.0,192.0
2025-07-19 12:13:51.874925,30.12,30.0,6.52,0.0,4.45,35.0,255.0
2025-07-19 12:13:53.488638,30.12,30.0,9.09,0.0,4.36,35.0,255.0
2025-07-19 12:13:55.106845,30.12,30.0,11.13,0.0,4.26,35.0,255.0
2025-07-19 12:13:56.719878,30.12,30.0,8.78,0.0,4.16,35.0,250.0
2025-07-19 12:13:58.333998,30.12,30.0,9.26,0.0,4.06,35.0,255.0
2025-07-19 12:13:59.951326,30.12,29.94,8.43,0.0,3.52,35.0,255.0
2025-07-19 12:14:01.565687,30.12,29.94,8.74,0.0,3.74,35.0,255.0
2025-07-19 12:14:03.179286,30.06,29.94,8.7,0.0,3.2,35.0,255.0
2025-07-19 12:14:04.793072,30.06,29.94,8.52,0.0,3.41,35.0,255.0
2025-07-19 12:14:06.410789,30.06,29.94,6.09,0.0,3.31,35.0,141.0
2025-07-19 12:14:08.024701,30.06,29.94,7.35,0.0,3.21,35.0,255.0
2025-07-19 12:14:09.638618,30.06,29.94,8.22,0.0,3.11,35.0,255.0
2025-07-19 12:14:11.252334,30.06,29.94,7.52,0.0,3.01,35.0,255.0
2025-07-19 12:14:12.869891,30.06,29.94,10.91,0.0,2.91,35.0,255.0
2025-07-19 12:14:14.483311,30.06,29.94,4.43,0.0,2.81,35.0,0.0
2025-07-19 12:14:16.097094,30.06,29.87,5.0,0.0,2.27,35.0,255.0
2025-07-19 12:14:17.711270,30.06,29.87,12.17,0.0,2.48,35.0,255.0
2025-07-19 12:14:19.334623,30.0,29.87,11.39,0.0,1.95,35.0,255.0
2025-07-19 12:14:20.942937,30.0,29.87,7.09,0.0,2.16,35.0,62.0
2025-07-19 12:14:22.556604,30.0,29.87,4.57,0.0,2.06,35.0,78.0
2025-07-19 12:14:24.170221,30.0,29.87,6.91,0.0,1.95,35.0,255.0
2025-07-19 12:14:25.784315,30.0,29.87,5.87,0.0,1.85,35.0,221.0
2025-07-19 12:14:27.397589,30.0,29.81,3.74,0.0,1.31,35.0,72.0
2025-07-19 12:14:29.011650,30.0,29.81,5.87,0.0,1.52,35.0,255.0
2025-07-19 12:14:30.644557,30.0,29.81,10.35,0.0,1.42,35.0,255.0
2025-07-19 12:14:32.243321,30.0,29.81,10.87,0.0,1.32,35.0,255.0
2025-07-19 12:14:33.860973,30.0,29.81,8.35,0.0,1.22,35.0,222.0
2025-07-19 12:14:35.474797,29.94,29.81,7.57,0.0,0.68,35.0,255.0
2025-07-19 12:14:37.088258,29.94,29.81,8.52,0.0,0.89,35.0,255.0
2025-07-19 12:14:38.706081,29.94,29.81,10.7,0.0,0.79,35.0,255.0
2025-07-19 12:14:40.320156,29.94,29.81,7.61,0.0,0.68,35.0,157.0
2025-07-19 12:14:41.933838,29.94,29.81,5.74,0.0,0.58,35.0,164.0
2025-07-19 12:14:43.551666,29.94,29.81,7.91,0.0,0.48,35.0,255.0
2025-07-19 12:14:45.165608,29.94,29.81,5.13,0.0,0.38,35.0,83.0
2025-07-19 12:14:46.676430,29.94,29.75,5.39,0.16,0.0,35.0,255.0
2025-07-19 12:14:48.192532,29.87,29.75,9.17,0.39,0.0,35.0,255.0
2025-07-19 12:14:49.707938,29.87,29.75,10.87,0.18,0.0,35.0,255.0
2025-07-19 12:14:51.223014,29.87,29.75,7.57,0.29,0.0,35.0,142.0
2025-07-19 12:14:52.836731,29.87,29.81,6.04,0.0,0.05,35.0,198.0
2025-07-19 12:14:54.352119,29.87,29.81,7.83,0.37,0.0,35.0,255.0
2025-07-19 12:14:55.970108,29.87,29.94,5.48,0.0,0.4,35.0,124.0
2025-07-19 12:14:57.584201,29.94,30.12,7.04,0.0,1.43,35.0,255.0
2025-07-19 12:14:59.197453,29.94,30.31,6.57,0.0,1.39,35.0,255.0
2025-07-19 12:15:00.811541,30.06,30.44,7.7,0.0,2.11,35.0,255.0
2025-07-19 12:15:02.429252,30.19,30.56,8.7,0.0,2.52,35.0,255.0
2025-07-19 12:15:04.043011,30.31,30.69,8.91,0.0,2.93,35.0,255.0
2025-07-19 12:15:05.656752,30.44,30.75,10.91,0.0,2.9,35.0,255.0
2025-07-19 12:15:07.274765,30.56,30.81,8.43,0.0,3.19,35.0,229.0
2025-07-19 12:15:08.888401,30.69,30.87,6.96,0.0,3.48,35.0,235.0
2025-07-19 12:15:10.501977,30.75,30.87,8.35,0.0,2.9,35.0,255.0
2025-07-19 12:15:12.120094,30.81,30.87,11.83,0.0,2.94,35.0,255.0
2025-07-19 12:15:13.733953,30.87,30.87,7.39,0.0,2.98,35.0,64.0
2025-07-19 12:15:15.347556,30.94,30.87,4.61,0.0,3.03,35.0,64.0
2025-07-19 12:15:16.961295,30.94,30.94,7.48,0.0,3.07,35.0,255.0
2025-07-19 12:15:18.575008,30.94,30.87,2.43,0.0,2.24,35.0,0.0
2025-07-19 12:15:20.184870,31.0,30.94,7.43,0.0,3.35,35.0,255.0
2025-07-19 12:15:21.809384,31.0,30.87,4.91,0.0,2.2,35.0,92.0
2025-07-19 12:15:23.416479,31.0,30.87,10.91,0.0,2.43,35.0,255.0
2025-07-19 12:15:25.030041,31.0,30.87,6.87,0.0,2.35,35.0,69.0
2025-07-19 12:15:26.643848,31.0,30.87,8.09,0.0,2.27,35.0,255.0
2025-07-19 12:15:28.257563,31.0,30.87,9.39,0.0,2.19,35.0,255.0
2025-07-19 12:15:29.871214,31.0,30.87,5.65,0.0,2.11,35.0,43.0
2025-07-19 12:15:31.489227,31.0,30.87,11.0,0.0,2.03,35.0,255.0
2025-07-19 12:15:33.131238,31.0,30.87,9.22,0.0,1.95,35.0,255.0
2025-07-19 12:15:34.716612,30.94,30.81,3.39,0.0,0.99,35.0,0.0
2025-07-19 12:15:36.330331,30.94,30.81,7.0,0.0,1.53,35.0,255.0
2025-07-19 12:15:37.944126,30.94,30.81,11.91,0.0,1.45,35.0,255.0
2025-07-19 12:15:39.558095,30.94,30.81,7.52,0.0,1.37,35.0,73.0
2025-07-19 12:15:41.171388,30.94,30.81,4.0,0.0,1.28,35.0,0.0
2025-07-19 12:15:42.785495,30.94,30.81,11.26,0.0,1.2,35.0,255.0
2025-07-19 12:15:44.399068,30.94,30.81,2.96,0.0,1.12,35.0,0.0
2025-07-19 12:15:46.012881,30.94,30.81,6.3,0.0,1.04,35.0,255.0
2025-07-19 12:15:47.626566,30.94,30.75,7.39,0.0,0.52,35.0,255.0
2025-07-19 12:15:49.240339,30.94,30.75,5.26,0.0,0.74,35.0,129.0
2025-07-19 12:15:50.857936,30.87,30.75,10.43,0.0,0.22,35.0,255.0
2025-07-19 12:15:52.483159,30.87,30.75,8.04,0.0,0.45,35.0,219.0
2025-07-19 12:15:54.089767,30.87,30.75,9.87,0.0,0.37,35.0,255.0
2025-07-19 12:15:55.699497,30.87,30.75,3.96,0.0,0.28,35.0,0.0
2025-07-19 12:15:57.313337,30.87,30.75,6.43,0.0,0.2,35.0,255.0
2025-07-19 12:15:58.931123,30.87,30.75,10.3,0.0,0.12,35.0,255.0
2025-07-19 12:16:00.544903,30.87,30.75,10.83,0.0,0.03,35.0,255.0
2025-07-19 12:16:02.063946,30.81,30.69,10.13,0.93,0.0,35.0,255.0
2025-07-19 12:16:03.575785,30.81,30.69,4.78,0.39,0.0,35.0,0.0
2025-07-19 12:16:05.087124,30.81,30.69,4.22,0.47,0.0,35.0,189.0
2025-07-19 12:16:06.602651,30.81,30.69,3.96,0.56,0.0,35.0,198.0
2025-07-19 12:16:08.118021,30.81,30.69,7.96,0.64,0.0,35.0,255.0
2025-07-19 12:16:09.633427,30.81,30.75,5.65,0.29,0.0,35.0,133.0
2025-07-19 12:16:11.246880,30.81,30.87,5.78,0.0,0.19,35.0,255.0
2025-07-19 12:16:12.860643,30.81,31.0,7.48,0.0,0.36,35.0,255.0
2025-07-19 12:16:14.474584,30.87,31.19,4.7,0.0,1.4,35.0,67.0
2025-07-19 12:16:16.088621,30.94,31.44,6.39,0.0,2.27,35.0,255.0
2025-07-19 12:16:17.702273,31.12,31.62,7.04,0.0,3.26,35.0,255.0
2025-07-19 12:16:19.320011,31.25,31.75,7.52,0.0,3.06,35.0,255.0
2025-07-19 12:16:20.933711,31.37,31.81,6.43,0.0,3.06,35.0,240.0
2025-07-19 12:16:22.547552,31.5,31.87,8.83,0.0,3.36,35.0,255.0
2025-07-19 12:16:24.175801,31.69,31.94,4.09,0.0,4.11,35.0,0.0
2025-07-19 12:16:25.775065,31.81,32.0,7.17,0.0,4.11,35.0,255.0
2025-07-19 12:16:27.388765,31.87,32.0,9.13,0.0,3.55,35.0,255.0
2025-07-19 12:16:29.006552,31.94,32.06,11.35,0.0,4.05,35.0,255.0
2025-07-19 12:16:30.620373,32.0,32.06,7.83,0.0,3.81,35.0,138.0
2025-07-19 12:16:32.233923,32.06,32.06,8.09,0.0,3.87,35.0,255.0
2025-07-19 12:16:33.848001,32.06,32.06,4.26,0.0,3.5,35.0,0.0
2025-07-19 12:16:35.461731,32.06,32.06,10.04,0.0,3.44,35.0,255.0
2025-07-19 12:16:37.075494,32.13,32.06,6.57,0.0,3.82,35.0,95.0
2025-07-19 12:16:38.689197,32.13,32.0,5.43,0.0,3.01,35.0,199.0
2025-07-19 12:16:40.306792,32.13,32.06,8.57,0.0,3.71,35.0,255.0
